threshold_pct,model,status,n,tp_correct_direction,fp_including_wrong_direction,fn_including_wrong_direction,wrong_direction,precision,recall,f1
10,chronos_bolt_tiny,calculated,8096.0,3135.0,605.0,3461.0,6.0,0.8382352941176471,0.47528805336567614,0.6066176470588235
10,damped_trend,calculated,8096.0,5440.0,1151.0,1156.0,2.0,0.8253679259596419,0.8247422680412371,0.8250549783878062
10,last_value,calculated,8096.0,5154.0,1038.0,1442.0,3.0,0.8323643410852714,0.7813826561552456,0.8060681889271192
10,macro_tightening_flag,direction not predicted; excluded,,,,,,,,
10,pooled_ridge,calculated,8096.0,6207.0,1315.0,389.0,15.0,0.8251794735442701,0.9410248635536689,0.8793030174245644
10,pooled_ridge_news,calculated,8096.0,4627.0,1229.0,1969.0,10.0,0.7901297814207651,0.7014857489387507,0.7431737873433987
10,prophet_auto,calculated,8096.0,5856.0,790.0,740.0,3.0,0.8811315076737888,0.8878107944208611,0.8844585410058904
10,prophet_default,calculated,8096.0,5855.0,790.0,741.0,3.0,0.8811136192626035,0.8876591873862947,0.8843742919719054
10,prophet_monthly,calculated,8096.0,5538.0,1201.0,1058.0,8.0,0.8217836474254341,0.8395997574287447,0.8305961754780652
10,seasonal_naive,calculated,8096.0,0.0,0.0,6596.0,0.0,,0.0,0.0
20,chronos_bolt_tiny,calculated,8096.0,320.0,843.0,1052.0,0.0,0.2751504729148753,0.23323615160349853,0.252465483234714
20,damped_trend,calculated,8096.0,1065.0,2618.0,307.0,0.0,0.2891664404018463,0.7762390670553936,0.42136498516320475
20,last_value,calculated,8096.0,837.0,1754.0,535.0,0.0,0.32304129679660365,0.6100583090379009,0.42240726722180166
20,macro_tightening_flag,direction not predicted; excluded,,,,,,,,
20,pooled_ridge,calculated,8096.0,998.0,3291.0,374.0,0.0,0.23268827232455117,0.7274052478134111,0.3525878819996467
20,pooled_ridge_news,calculated,8096.0,595.0,3542.0,777.0,0.0,0.14382402707275804,0.4336734693877551,0.21601016518424396
20,prophet_auto,calculated,8096.0,851.0,1302.0,521.0,0.0,0.39526242452392013,0.6202623906705539,0.4828368794326241
20,prophet_default,calculated,8096.0,852.0,1301.0,520.0,0.0,0.3957268927078495,0.6209912536443148,0.48340425531914893
20,prophet_monthly,calculated,8096.0,578.0,1969.0,794.0,0.0,0.22693364742834707,0.42128279883381925,0.29497320745088035
20,seasonal_naive,calculated,8096.0,0.0,0.0,1372.0,0.0,,0.0,0.0
30,chronos_bolt_tiny,calculated,8096.0,13.0,608.0,37.0,0.0,0.020933977455716585,0.26,0.038748137108792845
30,damped_trend,calculated,8096.0,35.0,1419.0,15.0,0.0,0.024071526822558458,0.7,0.04654255319148936
30,last_value,calculated,8096.0,25.0,1061.0,25.0,0.0,0.02302025782688766,0.5,0.04401408450704225
30,macro_tightening_flag,direction not predicted; excluded,,,,,,,,
30,pooled_ridge,calculated,8096.0,32.0,2944.0,18.0,0.0,0.010752688172043012,0.64,0.021150033046926635
30,pooled_ridge_news,calculated,8096.0,21.0,4026.0,29.0,0.0,0.005189028910303929,0.42,0.010251403465950696
30,prophet_auto,calculated,8096.0,24.0,617.0,26.0,0.0,0.0374414976599064,0.48,0.0694645441389291
30,prophet_default,calculated,8096.0,24.0,615.0,26.0,0.0,0.03755868544600939,0.48,0.06966618287373004
30,prophet_monthly,calculated,8096.0,10.0,1960.0,40.0,0.0,0.005076142131979695,0.2,0.009900990099009901
30,seasonal_naive,calculated,8096.0,0.0,0.0,50.0,0.0,,0.0,0.0
