threshold_pct,model,n,actual_events,warnings,tp,fp,fn,tn,precision,recall,f1
10,chronos_bolt_tiny,8096,6596,3740,3141,599,3455,901,0.8398395721925134,0.47619769557307456,0.6077786377708978
10,damped_trend,8096,6596,6591,5442,1149,1154,351,0.8256713700500683,0.8250454821103699,0.8253583074239782
10,last_value,8096,6596,6192,5157,1035,1439,465,0.8328488372093024,0.7818374772589448,0.8065373787926181
10,macro_tightening_flag,8096,6596,4053,2853,1200,3743,300,0.7039230199851961,0.4325348696179503,0.5358249600901493
10,pooled_ridge,8096,6596,7522,6222,1300,374,200,0.8271736240361606,0.9432989690721649,0.8814279643008924
10,pooled_ridge_news,8096,6596,5856,4637,1219,1959,281,0.7918374316939891,0.7030018192844147,0.7447799550273049
10,prophet_auto,8096,6596,6646,5859,787,737,713,0.8815829070117364,0.8882656155245603,0.8849116447666515
10,prophet_default,8096,6596,6645,5858,787,738,713,0.8815650865312264,0.8881140084899939,0.8848274299524205
10,prophet_monthly,8096,6596,6739,5546,1193,1050,307,0.8229707671761389,0.8408126137052759,0.8317960254968129
10,seasonal_naive,8096,6596,0,0,0,6596,1500,,0.0,0.0
20,chronos_bolt_tiny,8096,1372,1163,320,843,1052,5881,0.2751504729148753,0.23323615160349853,0.252465483234714
20,damped_trend,8096,1372,3683,1065,2618,307,4106,0.2891664404018463,0.7762390670553936,0.42136498516320475
20,last_value,8096,1372,2591,837,1754,535,4970,0.32304129679660365,0.6100583090379009,0.42240726722180166
20,macro_tightening_flag,8096,1372,4053,483,3570,889,3154,0.11917098445595854,0.3520408163265306,0.17806451612903226
20,pooled_ridge,8096,1372,4289,998,3291,374,3433,0.23268827232455117,0.7274052478134111,0.3525878819996467
20,pooled_ridge_news,8096,1372,4137,595,3542,777,3182,0.14382402707275804,0.4336734693877551,0.21601016518424396
20,prophet_auto,8096,1372,2153,851,1302,521,5422,0.39526242452392013,0.6202623906705539,0.4828368794326241
20,prophet_default,8096,1372,2153,852,1301,520,5423,0.3957268927078495,0.6209912536443148,0.48340425531914893
20,prophet_monthly,8096,1372,2547,578,1969,794,4755,0.22693364742834707,0.42128279883381925,0.29497320745088035
20,seasonal_naive,8096,1372,0,0,0,1372,6724,,0.0,0.0
30,chronos_bolt_tiny,8096,50,621,13,608,37,7438,0.020933977455716585,0.26,0.038748137108792845
30,damped_trend,8096,50,1454,35,1419,15,6627,0.024071526822558458,0.7,0.04654255319148936
30,last_value,8096,50,1086,25,1061,25,6985,0.02302025782688766,0.5,0.04401408450704225
30,macro_tightening_flag,8096,50,4053,18,4035,32,4011,0.0044411547002220575,0.36,0.008774067755300999
30,pooled_ridge,8096,50,2976,32,2944,18,5102,0.010752688172043012,0.64,0.021150033046926635
30,pooled_ridge_news,8096,50,4047,21,4026,29,4020,0.005189028910303929,0.42,0.010251403465950696
30,prophet_auto,8096,50,641,24,617,26,7429,0.0374414976599064,0.48,0.0694645441389291
30,prophet_default,8096,50,639,24,615,26,7431,0.03755868544600939,0.48,0.06966618287373004
30,prophet_monthly,8096,50,1970,10,1960,40,6086,0.005076142131979695,0.2,0.009900990099009901
30,seasonal_naive,8096,50,0,0,0,50,8046,,0.0,0.0
