kind,model,series,first_alarm,change_month
null,cusum,0,,
null,cusum,1,,
null,cusum,2,,
null,cusum,3,,
null,cusum,4,,
null,cusum,5,,
null,cusum,6,,
null,cusum,7,,
null,cusum,8,,
null,cusum,9,,
null,cusum,10,,
null,cusum,11,,
null,cusum,12,,
null,cusum,13,,
null,cusum,14,,
null,cusum,15,,
null,cusum,16,,
null,cusum,17,,
null,cusum,18,,
null,cusum,19,,
null,cusum,20,,
null,cusum,21,,
null,cusum,22,,
null,cusum,23,34.0,
null,cusum,24,,
null,cusum,25,,
null,cusum,26,,
null,cusum,27,,
null,cusum,28,,
null,cusum,29,,
null,cusum,30,,
null,cusum,31,,
null,cusum,32,,
null,cusum,33,,
null,cusum,34,,
null,cusum,35,,
null,cusum,36,,
null,cusum,37,,
null,cusum,38,,
null,cusum,39,,
null,cusum,40,46.0,
null,cusum,41,,
null,cusum,42,,
null,cusum,43,,
null,cusum,44,,
null,cusum,45,,
null,cusum,46,,
null,cusum,47,,
null,cusum,48,,
null,cusum,49,,
null,cusum,50,,
null,cusum,51,,
null,cusum,52,,
null,cusum,53,,
null,cusum,54,,
null,cusum,55,,
null,cusum,56,,
null,cusum,57,,
null,cusum,58,,
null,cusum,59,,
null,cusum,60,,
null,cusum,61,,
null,cusum,62,,
null,cusum,63,,
null,cusum,64,,
null,cusum,65,,
null,cusum,66,,
null,cusum,67,,
null,cusum,68,,
null,cusum,69,,
null,cusum,70,,
null,cusum,71,,
null,cusum,72,,
null,cusum,73,,
null,cusum,74,,
null,cusum,75,,
null,cusum,76,,
null,cusum,77,,
null,cusum,78,,
null,cusum,79,,
null,cusum,80,,
null,cusum,81,,
null,cusum,82,,
null,cusum,83,,
null,cusum,84,,
null,cusum,85,,
null,cusum,86,,
null,cusum,87,,
null,cusum,88,,
null,cusum,89,,
null,cusum,90,,
null,cusum,91,,
null,cusum,92,,
null,cusum,93,,
null,cusum,94,,
null,cusum,95,,
null,cusum,96,,
null,cusum,97,,
null,cusum,98,,
null,cusum,99,,
null,cusum,100,,
null,cusum,101,,
null,cusum,102,,
null,cusum,103,,
null,cusum,104,,
null,cusum,105,,
null,cusum,106,,
null,cusum,107,,
null,cusum,108,,
null,cusum,109,,
null,cusum,110,,
null,cusum,111,,
null,cusum,112,43.0,
null,cusum,113,,
null,cusum,114,,
null,cusum,115,,
null,cusum,116,,
null,cusum,117,,
null,cusum,118,,
null,cusum,119,,
null,cusum,120,,
null,cusum,121,,
null,cusum,122,,
null,cusum,123,,
null,cusum,124,,
null,cusum,125,57.0,
null,cusum,126,,
null,cusum,127,,
null,cusum,128,,
null,cusum,129,,
null,cusum,130,,
null,cusum,131,,
null,cusum,132,,
null,cusum,133,,
null,cusum,134,,
null,cusum,135,,
null,cusum,136,,
null,cusum,137,,
null,cusum,138,,
null,cusum,139,,
null,cusum,140,,
null,cusum,141,,
null,cusum,142,,
null,cusum,143,,
null,cusum,144,,
null,cusum,145,,
null,cusum,146,,
null,cusum,147,,
null,cusum,148,,
null,cusum,149,,
null,page_hinkley,0,44.0,
null,page_hinkley,1,,
null,page_hinkley,2,,
null,page_hinkley,3,,
null,page_hinkley,4,,
null,page_hinkley,5,,
null,page_hinkley,6,36.0,
null,page_hinkley,7,53.0,
null,page_hinkley,8,,
null,page_hinkley,9,,
null,page_hinkley,10,,
null,page_hinkley,11,,
null,page_hinkley,12,,
null,page_hinkley,13,,
null,page_hinkley,14,58.0,
null,page_hinkley,15,,
null,page_hinkley,16,,
null,page_hinkley,17,,
null,page_hinkley,18,,
null,page_hinkley,19,,
null,page_hinkley,20,,
null,page_hinkley,21,,
null,page_hinkley,22,,
null,page_hinkley,23,32.0,
null,page_hinkley,24,,
null,page_hinkley,25,,
null,page_hinkley,26,,
null,page_hinkley,27,,
null,page_hinkley,28,,
null,page_hinkley,29,,
null,page_hinkley,30,,
null,page_hinkley,31,,
null,page_hinkley,32,,
null,page_hinkley,33,,
null,page_hinkley,34,,
null,page_hinkley,35,,
null,page_hinkley,36,,
null,page_hinkley,37,53.0,
null,page_hinkley,38,,
null,page_hinkley,39,,
null,page_hinkley,40,,
null,page_hinkley,41,,
null,page_hinkley,42,,
null,page_hinkley,43,,
null,page_hinkley,44,,
null,page_hinkley,45,,
null,page_hinkley,46,,
null,page_hinkley,47,,
null,page_hinkley,48,,
null,page_hinkley,49,,
null,page_hinkley,50,,
null,page_hinkley,51,,
null,page_hinkley,52,,
null,page_hinkley,53,,
null,page_hinkley,54,,
null,page_hinkley,55,,
null,page_hinkley,56,,
null,page_hinkley,57,,
null,page_hinkley,58,,
null,page_hinkley,59,,
null,page_hinkley,60,,
null,page_hinkley,61,,
null,page_hinkley,62,,
null,page_hinkley,63,,
null,page_hinkley,64,,
null,page_hinkley,65,,
null,page_hinkley,66,,
null,page_hinkley,67,,
null,page_hinkley,68,,
null,page_hinkley,69,,
null,page_hinkley,70,,
null,page_hinkley,71,,
null,page_hinkley,72,,
null,page_hinkley,73,,
null,page_hinkley,74,,
null,page_hinkley,75,,
null,page_hinkley,76,,
null,page_hinkley,77,,
null,page_hinkley,78,,
null,page_hinkley,79,,
null,page_hinkley,80,,
null,page_hinkley,81,,
null,page_hinkley,82,,
null,page_hinkley,83,,
null,page_hinkley,84,,
null,page_hinkley,85,,
null,page_hinkley,86,,
null,page_hinkley,87,,
null,page_hinkley,88,,
null,page_hinkley,89,,
null,page_hinkley,90,,
null,page_hinkley,91,,
null,page_hinkley,92,,
null,page_hinkley,93,,
null,page_hinkley,94,,
null,page_hinkley,95,,
null,page_hinkley,96,,
null,page_hinkley,97,,
null,page_hinkley,98,,
null,page_hinkley,99,,
null,page_hinkley,100,,
null,page_hinkley,101,,
null,page_hinkley,102,,
null,page_hinkley,103,,
null,page_hinkley,104,,
null,page_hinkley,105,49.0,
null,page_hinkley,106,42.0,
null,page_hinkley,107,,
null,page_hinkley,108,,
null,page_hinkley,109,,
null,page_hinkley,110,,
null,page_hinkley,111,,
null,page_hinkley,112,41.0,
null,page_hinkley,113,,
null,page_hinkley,114,,
null,page_hinkley,115,,
null,page_hinkley,116,,
null,page_hinkley,117,,
null,page_hinkley,118,,
null,page_hinkley,119,,
null,page_hinkley,120,,
null,page_hinkley,121,46.0,
null,page_hinkley,122,,
null,page_hinkley,123,,
null,page_hinkley,124,,
null,page_hinkley,125,58.0,
null,page_hinkley,126,,
null,page_hinkley,127,37.0,
null,page_hinkley,128,,
null,page_hinkley,129,,
null,page_hinkley,130,,
null,page_hinkley,131,,
null,page_hinkley,132,,
null,page_hinkley,133,56.0,
null,page_hinkley,134,,
null,page_hinkley,135,,
null,page_hinkley,136,,
null,page_hinkley,137,,
null,page_hinkley,138,,
null,page_hinkley,139,,
null,page_hinkley,140,,
null,page_hinkley,141,,
null,page_hinkley,142,,
null,page_hinkley,143,,
null,page_hinkley,144,,
null,page_hinkley,145,,
null,page_hinkley,146,,
null,page_hinkley,147,,
null,page_hinkley,148,,
null,page_hinkley,149,,
null,ewma,0,37.0,
null,ewma,1,,
null,ewma,2,,
null,ewma,3,,
null,ewma,4,,
null,ewma,5,,
null,ewma,6,,
null,ewma,7,53.0,
null,ewma,8,,
null,ewma,9,,
null,ewma,10,,
null,ewma,11,,
null,ewma,12,,
null,ewma,13,,
null,ewma,14,,
null,ewma,15,,
null,ewma,16,,
null,ewma,17,,
null,ewma,18,,
null,ewma,19,45.0,
null,ewma,20,,
null,ewma,21,,
null,ewma,22,,
null,ewma,23,29.0,
null,ewma,24,,
null,ewma,25,,
null,ewma,26,,
null,ewma,27,,
null,ewma,28,,
null,ewma,29,,
null,ewma,30,,
null,ewma,31,,
null,ewma,32,,
null,ewma,33,,
null,ewma,34,,
null,ewma,35,,
null,ewma,36,,
null,ewma,37,,
null,ewma,38,,
null,ewma,39,,
null,ewma,40,46.0,
null,ewma,41,,
null,ewma,42,,
null,ewma,43,,
null,ewma,44,,
null,ewma,45,,
null,ewma,46,,
null,ewma,47,,
null,ewma,48,,
null,ewma,49,,
null,ewma,50,,
null,ewma,51,,
null,ewma,52,,
null,ewma,53,,
null,ewma,54,,
null,ewma,55,,
null,ewma,56,,
null,ewma,57,,
null,ewma,58,,
null,ewma,59,,
null,ewma,60,,
null,ewma,61,22.0,
null,ewma,62,,
null,ewma,63,,
null,ewma,64,,
null,ewma,65,,
null,ewma,66,,
null,ewma,67,,
null,ewma,68,,
null,ewma,69,,
null,ewma,70,,
null,ewma,71,,
null,ewma,72,,
null,ewma,73,,
null,ewma,74,,
null,ewma,75,,
null,ewma,76,,
null,ewma,77,,
null,ewma,78,,
null,ewma,79,,
null,ewma,80,,
null,ewma,81,,
null,ewma,82,,
null,ewma,83,,
null,ewma,84,,
null,ewma,85,,
null,ewma,86,,
null,ewma,87,,
null,ewma,88,,
null,ewma,89,,
null,ewma,90,,
null,ewma,91,,
null,ewma,92,,
null,ewma,93,,
null,ewma,94,,
null,ewma,95,,
null,ewma,96,,
null,ewma,97,,
null,ewma,98,,
null,ewma,99,,
null,ewma,100,,
null,ewma,101,,
null,ewma,102,,
null,ewma,103,,
null,ewma,104,,
null,ewma,105,,
null,ewma,106,,
null,ewma,107,,
null,ewma,108,,
null,ewma,109,,
null,ewma,110,,
null,ewma,111,,
null,ewma,112,,
null,ewma,113,,
null,ewma,114,,
null,ewma,115,,
null,ewma,116,,
null,ewma,117,,
null,ewma,118,,
null,ewma,119,,
null,ewma,120,,
null,ewma,121,,
null,ewma,122,,
null,ewma,123,,
null,ewma,124,,
null,ewma,125,,
null,ewma,126,49.0,
null,ewma,127,,
null,ewma,128,,
null,ewma,129,,
null,ewma,130,,
null,ewma,131,,
null,ewma,132,,
null,ewma,133,,
null,ewma,134,,
null,ewma,135,,
null,ewma,136,,
null,ewma,137,,
null,ewma,138,,
null,ewma,139,,
null,ewma,140,,
null,ewma,141,,
null,ewma,142,,
null,ewma,143,,
null,ewma,144,,
null,ewma,145,,
null,ewma,146,,
null,ewma,147,,
null,ewma,148,,
null,ewma,149,,
null,shewhart,0,,
null,shewhart,1,,
null,shewhart,2,,
null,shewhart,3,,
null,shewhart,4,,
null,shewhart,5,,
null,shewhart,6,,
null,shewhart,7,,
null,shewhart,8,,
null,shewhart,9,,
null,shewhart,10,,
null,shewhart,11,,
null,shewhart,12,,
null,shewhart,13,,
null,shewhart,14,,
null,shewhart,15,,
null,shewhart,16,,
null,shewhart,17,,
null,shewhart,18,,
null,shewhart,19,,
null,shewhart,20,,
null,shewhart,21,,
null,shewhart,22,,
null,shewhart,23,,
null,shewhart,24,,
null,shewhart,25,,
null,shewhart,26,,
null,shewhart,27,,
null,shewhart,28,,
null,shewhart,29,,
null,shewhart,30,,
null,shewhart,31,,
null,shewhart,32,,
null,shewhart,33,,
null,shewhart,34,,
null,shewhart,35,,
null,shewhart,36,,
null,shewhart,37,15.0,
null,shewhart,38,,
null,shewhart,39,,
null,shewhart,40,,
null,shewhart,41,,
null,shewhart,42,,
null,shewhart,43,,
null,shewhart,44,,
null,shewhart,45,,
null,shewhart,46,,
null,shewhart,47,,
null,shewhart,48,,
null,shewhart,49,,
null,shewhart,50,,
null,shewhart,51,,
null,shewhart,52,,
null,shewhart,53,,
null,shewhart,54,,
null,shewhart,55,,
null,shewhart,56,,
null,shewhart,57,,
null,shewhart,58,,
null,shewhart,59,,
null,shewhart,60,,
null,shewhart,61,,
null,shewhart,62,,
null,shewhart,63,,
null,shewhart,64,,
null,shewhart,65,,
null,shewhart,66,,
null,shewhart,67,,
null,shewhart,68,,
null,shewhart,69,,
null,shewhart,70,,
null,shewhart,71,,
null,shewhart,72,,
null,shewhart,73,,
null,shewhart,74,,
null,shewhart,75,,
null,shewhart,76,,
null,shewhart,77,,
null,shewhart,78,,
null,shewhart,79,,
null,shewhart,80,,
null,shewhart,81,,
null,shewhart,82,,
null,shewhart,83,,
null,shewhart,84,,
null,shewhart,85,,
null,shewhart,86,,
null,shewhart,87,,
null,shewhart,88,,
null,shewhart,89,,
null,shewhart,90,,
null,shewhart,91,,
null,shewhart,92,,
null,shewhart,93,,
null,shewhart,94,,
null,shewhart,95,,
null,shewhart,96,,
null,shewhart,97,,
null,shewhart,98,,
null,shewhart,99,,
null,shewhart,100,,
null,shewhart,101,,
null,shewhart,102,,
null,shewhart,103,,
null,shewhart,104,,
null,shewhart,105,,
null,shewhart,106,,
null,shewhart,107,,
null,shewhart,108,,
null,shewhart,109,,
null,shewhart,110,,
null,shewhart,111,,
null,shewhart,112,,
null,shewhart,113,,
null,shewhart,114,,
null,shewhart,115,,
null,shewhart,116,18.0,
null,shewhart,117,,
null,shewhart,118,,
null,shewhart,119,,
null,shewhart,120,,
null,shewhart,121,,
null,shewhart,122,,
null,shewhart,123,,
null,shewhart,124,,
null,shewhart,125,,
null,shewhart,126,,
null,shewhart,127,,
null,shewhart,128,,
null,shewhart,129,,
null,shewhart,130,,
null,shewhart,131,,
null,shewhart,132,,
null,shewhart,133,,
null,shewhart,134,,
null,shewhart,135,,
null,shewhart,136,,
null,shewhart,137,,
null,shewhart,138,,
null,shewhart,139,,
null,shewhart,140,,
null,shewhart,141,,
null,shewhart,142,,
null,shewhart,143,,
null,shewhart,144,,
null,shewhart,145,,
null,shewhart,146,,
null,shewhart,147,,
null,shewhart,148,,
null,shewhart,149,,
step,cusum,0,29.0,24.0
step,cusum,1,28.0,24.0
step,cusum,2,27.0,24.0
step,cusum,3,37.0,24.0
step,cusum,4,21.0,24.0
step,cusum,5,28.0,24.0
step,cusum,6,27.0,24.0
step,cusum,7,31.0,24.0
step,cusum,8,30.0,24.0
step,cusum,9,28.0,24.0
step,cusum,10,31.0,24.0
step,cusum,11,26.0,24.0
step,cusum,12,29.0,24.0
step,cusum,13,25.0,24.0
step,cusum,14,29.0,24.0
step,cusum,15,29.0,24.0
step,cusum,16,31.0,24.0
step,cusum,17,30.0,24.0
step,cusum,18,30.0,24.0
step,cusum,19,31.0,24.0
step,cusum,20,29.0,24.0
step,cusum,21,29.0,24.0
step,cusum,22,27.0,24.0
step,cusum,23,34.0,24.0
step,cusum,24,30.0,24.0
step,cusum,25,34.0,24.0
step,cusum,26,33.0,24.0
step,cusum,27,34.0,24.0
step,cusum,28,30.0,24.0
step,cusum,29,28.0,24.0
step,cusum,30,30.0,24.0
step,cusum,31,32.0,24.0
step,cusum,32,27.0,24.0
step,cusum,33,25.0,24.0
step,cusum,34,30.0,24.0
step,cusum,35,30.0,24.0
step,cusum,36,28.0,24.0
step,cusum,37,29.0,24.0
step,cusum,38,31.0,24.0
step,cusum,39,28.0,24.0
step,cusum,40,34.0,24.0
step,cusum,41,26.0,24.0
step,cusum,42,30.0,24.0
step,cusum,43,28.0,24.0
step,cusum,44,32.0,24.0
step,cusum,45,28.0,24.0
step,cusum,46,27.0,24.0
step,cusum,47,26.0,24.0
step,cusum,48,32.0,24.0
step,cusum,49,27.0,24.0
step,cusum,50,28.0,24.0
step,cusum,51,30.0,24.0
step,cusum,52,27.0,24.0
step,cusum,53,28.0,24.0
step,cusum,54,30.0,24.0
step,cusum,55,28.0,24.0
step,cusum,56,31.0,24.0
step,cusum,57,31.0,24.0
step,cusum,58,31.0,24.0
step,cusum,59,29.0,24.0
step,cusum,60,28.0,24.0
step,cusum,61,31.0,24.0
step,cusum,62,29.0,24.0
step,cusum,63,29.0,24.0
step,cusum,64,34.0,24.0
step,cusum,65,31.0,24.0
step,cusum,66,35.0,24.0
step,cusum,67,33.0,24.0
step,cusum,68,33.0,24.0
step,cusum,69,35.0,24.0
step,cusum,70,30.0,24.0
step,cusum,71,31.0,24.0
step,cusum,72,32.0,24.0
step,cusum,73,30.0,24.0
step,cusum,74,27.0,24.0
step,cusum,75,31.0,24.0
step,cusum,76,32.0,24.0
step,cusum,77,28.0,24.0
step,cusum,78,34.0,24.0
step,cusum,79,28.0,24.0
step,cusum,80,27.0,24.0
step,cusum,81,29.0,24.0
step,cusum,82,27.0,24.0
step,cusum,83,27.0,24.0
step,cusum,84,30.0,24.0
step,cusum,85,31.0,24.0
step,cusum,86,30.0,24.0
step,cusum,87,27.0,24.0
step,cusum,88,29.0,24.0
step,cusum,89,31.0,24.0
step,cusum,90,31.0,24.0
step,cusum,91,28.0,24.0
step,cusum,92,33.0,24.0
step,cusum,93,28.0,24.0
step,cusum,94,27.0,24.0
step,cusum,95,28.0,24.0
step,cusum,96,26.0,24.0
step,cusum,97,29.0,24.0
step,cusum,98,27.0,24.0
step,cusum,99,30.0,24.0
step,cusum,100,29.0,24.0
step,cusum,101,27.0,24.0
step,cusum,102,30.0,24.0
step,cusum,103,29.0,24.0
step,cusum,104,29.0,24.0
step,cusum,105,29.0,24.0
step,cusum,106,29.0,24.0
step,cusum,107,31.0,24.0
step,cusum,108,30.0,24.0
step,cusum,109,27.0,24.0
step,cusum,110,30.0,24.0
step,cusum,111,29.0,24.0
step,cusum,112,27.0,24.0
step,cusum,113,30.0,24.0
step,cusum,114,30.0,24.0
step,cusum,115,30.0,24.0
step,cusum,116,27.0,24.0
step,cusum,117,29.0,24.0
step,cusum,118,30.0,24.0
step,cusum,119,28.0,24.0
step,cusum,120,33.0,24.0
step,cusum,121,33.0,24.0
step,cusum,122,26.0,24.0
step,cusum,123,30.0,24.0
step,cusum,124,29.0,24.0
step,cusum,125,35.0,24.0
step,cusum,126,26.0,24.0
step,cusum,127,29.0,24.0
step,cusum,128,31.0,24.0
step,cusum,129,27.0,24.0
step,cusum,130,31.0,24.0
step,cusum,131,30.0,24.0
step,cusum,132,29.0,24.0
step,cusum,133,26.0,24.0
step,cusum,134,26.0,24.0
step,cusum,135,30.0,24.0
step,cusum,136,31.0,24.0
step,cusum,137,30.0,24.0
step,cusum,138,29.0,24.0
step,cusum,139,28.0,24.0
step,cusum,140,27.0,24.0
step,cusum,141,28.0,24.0
step,cusum,142,29.0,24.0
step,cusum,143,28.0,24.0
step,cusum,144,35.0,24.0
step,cusum,145,27.0,24.0
step,cusum,146,30.0,24.0
step,cusum,147,29.0,24.0
step,cusum,148,32.0,24.0
step,cusum,149,28.0,24.0
step,page_hinkley,0,30.0,24.0
step,page_hinkley,1,28.0,24.0
step,page_hinkley,2,28.0,24.0
step,page_hinkley,3,39.0,24.0
step,page_hinkley,4,25.0,24.0
step,page_hinkley,5,29.0,24.0
step,page_hinkley,6,32.0,24.0
step,page_hinkley,7,30.0,24.0
step,page_hinkley,8,28.0,24.0
step,page_hinkley,9,28.0,24.0
step,page_hinkley,10,29.0,24.0
step,page_hinkley,11,33.0,24.0
step,page_hinkley,12,29.0,24.0
step,page_hinkley,13,35.0,24.0
step,page_hinkley,14,31.0,24.0
step,page_hinkley,15,29.0,24.0
step,page_hinkley,16,34.0,24.0
step,page_hinkley,17,30.0,24.0
step,page_hinkley,18,29.0,24.0
step,page_hinkley,19,32.0,24.0
step,page_hinkley,20,29.0,24.0
step,page_hinkley,21,29.0,24.0
step,page_hinkley,22,27.0,24.0
step,page_hinkley,23,37.0,24.0
step,page_hinkley,24,37.0,24.0
step,page_hinkley,25,37.0,24.0
step,page_hinkley,26,33.0,24.0
step,page_hinkley,27,34.0,24.0
step,page_hinkley,28,30.0,24.0
step,page_hinkley,29,28.0,24.0
step,page_hinkley,30,30.0,24.0
step,page_hinkley,31,31.0,24.0
step,page_hinkley,32,27.0,24.0
step,page_hinkley,33,25.0,24.0
step,page_hinkley,34,30.0,24.0
step,page_hinkley,35,30.0,24.0
step,page_hinkley,36,28.0,24.0
step,page_hinkley,37,29.0,24.0
step,page_hinkley,38,32.0,24.0
step,page_hinkley,39,28.0,24.0
step,page_hinkley,40,34.0,24.0
step,page_hinkley,41,27.0,24.0
step,page_hinkley,42,30.0,24.0
step,page_hinkley,43,29.0,24.0
step,page_hinkley,44,32.0,24.0
step,page_hinkley,45,29.0,24.0
step,page_hinkley,46,27.0,24.0
step,page_hinkley,47,26.0,24.0
step,page_hinkley,48,31.0,24.0
step,page_hinkley,49,28.0,24.0
step,page_hinkley,50,28.0,24.0
step,page_hinkley,51,30.0,24.0
step,page_hinkley,52,27.0,24.0
step,page_hinkley,53,29.0,24.0
step,page_hinkley,54,30.0,24.0
step,page_hinkley,55,26.0,24.0
step,page_hinkley,56,30.0,24.0
step,page_hinkley,57,38.0,24.0
step,page_hinkley,58,31.0,24.0
step,page_hinkley,59,30.0,24.0
step,page_hinkley,60,28.0,24.0
step,page_hinkley,61,31.0,24.0
step,page_hinkley,62,29.0,24.0
step,page_hinkley,63,29.0,24.0
step,page_hinkley,64,35.0,24.0
step,page_hinkley,65,32.0,24.0
step,page_hinkley,66,35.0,24.0
step,page_hinkley,67,36.0,24.0
step,page_hinkley,68,32.0,24.0
step,page_hinkley,69,35.0,24.0
step,page_hinkley,70,30.0,24.0
step,page_hinkley,71,30.0,24.0
step,page_hinkley,72,31.0,24.0
step,page_hinkley,73,30.0,24.0
step,page_hinkley,74,28.0,24.0
step,page_hinkley,75,32.0,24.0
step,page_hinkley,76,31.0,24.0
step,page_hinkley,77,28.0,24.0
step,page_hinkley,78,35.0,24.0
step,page_hinkley,79,29.0,24.0
step,page_hinkley,80,29.0,24.0
step,page_hinkley,81,29.0,24.0
step,page_hinkley,82,26.0,24.0
step,page_hinkley,83,28.0,24.0
step,page_hinkley,84,30.0,24.0
step,page_hinkley,85,31.0,24.0
step,page_hinkley,86,30.0,24.0
step,page_hinkley,87,28.0,24.0
step,page_hinkley,88,29.0,24.0
step,page_hinkley,89,30.0,24.0
step,page_hinkley,90,31.0,24.0
step,page_hinkley,91,28.0,24.0
step,page_hinkley,92,35.0,24.0
step,page_hinkley,93,28.0,24.0
step,page_hinkley,94,27.0,24.0
step,page_hinkley,95,28.0,24.0
step,page_hinkley,96,26.0,24.0
step,page_hinkley,97,29.0,24.0
step,page_hinkley,98,27.0,24.0
step,page_hinkley,99,31.0,24.0
step,page_hinkley,100,30.0,24.0
step,page_hinkley,101,29.0,24.0
step,page_hinkley,102,31.0,24.0
step,page_hinkley,103,29.0,24.0
step,page_hinkley,104,33.0,24.0
step,page_hinkley,105,29.0,24.0
step,page_hinkley,106,29.0,24.0
step,page_hinkley,107,34.0,24.0
step,page_hinkley,108,30.0,24.0
step,page_hinkley,109,27.0,24.0
step,page_hinkley,110,30.0,24.0
step,page_hinkley,111,29.0,24.0
step,page_hinkley,112,28.0,24.0
step,page_hinkley,113,33.0,24.0
step,page_hinkley,114,28.0,24.0
step,page_hinkley,115,29.0,24.0
step,page_hinkley,116,27.0,24.0
step,page_hinkley,117,30.0,24.0
step,page_hinkley,118,31.0,24.0
step,page_hinkley,119,27.0,24.0
step,page_hinkley,120,34.0,24.0
step,page_hinkley,121,34.0,24.0
step,page_hinkley,122,27.0,24.0
step,page_hinkley,123,31.0,24.0
step,page_hinkley,124,29.0,24.0
step,page_hinkley,125,35.0,24.0
step,page_hinkley,126,29.0,24.0
step,page_hinkley,127,30.0,24.0
step,page_hinkley,128,33.0,24.0
step,page_hinkley,129,27.0,24.0
step,page_hinkley,130,31.0,24.0
step,page_hinkley,131,30.0,24.0
step,page_hinkley,132,29.0,24.0
step,page_hinkley,133,26.0,24.0
step,page_hinkley,134,26.0,24.0
step,page_hinkley,135,30.0,24.0
step,page_hinkley,136,30.0,24.0
step,page_hinkley,137,30.0,24.0
step,page_hinkley,138,29.0,24.0
step,page_hinkley,139,27.0,24.0
step,page_hinkley,140,27.0,24.0
step,page_hinkley,141,28.0,24.0
step,page_hinkley,142,32.0,24.0
step,page_hinkley,143,29.0,24.0
step,page_hinkley,144,35.0,24.0
step,page_hinkley,145,27.0,24.0
step,page_hinkley,146,30.0,24.0
step,page_hinkley,147,32.0,24.0
step,page_hinkley,148,32.0,24.0
step,page_hinkley,149,28.0,24.0
step,ewma,0,28.0,24.0
step,ewma,1,28.0,24.0
step,ewma,2,26.0,24.0
step,ewma,3,39.0,24.0
step,ewma,4,18.0,24.0
step,ewma,5,25.0,24.0
step,ewma,6,26.0,24.0
step,ewma,7,38.0,24.0
step,ewma,8,28.0,24.0
step,ewma,9,28.0,24.0
step,ewma,10,26.0,24.0
step,ewma,11,26.0,24.0
step,ewma,12,27.0,24.0
step,ewma,13,32.0,24.0
step,ewma,14,29.0,24.0
step,ewma,15,25.0,24.0
step,ewma,16,28.0,24.0
step,ewma,17,29.0,24.0
step,ewma,18,29.0,24.0
step,ewma,19,29.0,24.0
step,ewma,20,26.0,24.0
step,ewma,21,26.0,24.0
step,ewma,22,26.0,24.0
step,ewma,23,30.0,24.0
step,ewma,24,30.0,24.0
step,ewma,25,32.0,24.0
step,ewma,26,33.0,24.0
step,ewma,27,34.0,24.0
step,ewma,28,30.0,24.0
step,ewma,29,27.0,24.0
step,ewma,30,28.0,24.0
step,ewma,31,33.0,24.0
step,ewma,32,26.0,24.0
step,ewma,33,25.0,24.0
step,ewma,34,30.0,24.0
step,ewma,35,30.0,24.0
step,ewma,36,25.0,24.0
step,ewma,37,26.0,24.0
step,ewma,38,31.0,24.0
step,ewma,39,26.0,24.0
step,ewma,40,34.0,24.0
step,ewma,41,25.0,24.0
step,ewma,42,30.0,24.0
step,ewma,43,28.0,24.0
step,ewma,44,32.0,24.0
step,ewma,45,27.0,24.0
step,ewma,46,26.0,24.0
step,ewma,47,25.0,24.0
step,ewma,48,27.0,24.0
step,ewma,49,24.0,24.0
step,ewma,50,28.0,24.0
step,ewma,51,29.0,24.0
step,ewma,52,26.0,24.0
step,ewma,53,28.0,24.0
step,ewma,54,29.0,24.0
step,ewma,55,25.0,24.0
step,ewma,56,30.0,24.0
step,ewma,57,25.0,24.0
step,ewma,58,31.0,24.0
step,ewma,59,27.0,24.0
step,ewma,60,26.0,24.0
step,ewma,61,29.0,24.0
step,ewma,62,26.0,24.0
step,ewma,63,29.0,24.0
step,ewma,64,34.0,24.0
step,ewma,65,31.0,24.0
step,ewma,66,36.0,24.0
step,ewma,67,36.0,24.0
step,ewma,68,28.0,24.0
step,ewma,69,35.0,24.0
step,ewma,70,28.0,24.0
step,ewma,71,29.0,24.0
step,ewma,72,28.0,24.0
step,ewma,73,28.0,24.0
step,ewma,74,26.0,24.0
step,ewma,75,29.0,24.0
step,ewma,76,31.0,24.0
step,ewma,77,27.0,24.0
step,ewma,78,30.0,24.0
step,ewma,79,26.0,24.0
step,ewma,80,25.0,24.0
step,ewma,81,29.0,24.0
step,ewma,82,25.0,24.0
step,ewma,83,25.0,24.0
step,ewma,84,29.0,24.0
step,ewma,85,30.0,24.0
step,ewma,86,29.0,24.0
step,ewma,87,27.0,24.0
step,ewma,88,28.0,24.0
step,ewma,89,25.0,24.0
step,ewma,90,30.0,24.0
step,ewma,91,25.0,24.0
step,ewma,92,25.0,24.0
step,ewma,93,28.0,24.0
step,ewma,94,26.0,24.0
step,ewma,95,27.0,24.0
step,ewma,96,26.0,24.0
step,ewma,97,28.0,24.0
step,ewma,98,26.0,24.0
step,ewma,99,29.0,24.0
step,ewma,100,28.0,24.0
step,ewma,101,25.0,24.0
step,ewma,102,31.0,24.0
step,ewma,103,29.0,24.0
step,ewma,104,26.0,24.0
step,ewma,105,29.0,24.0
step,ewma,106,29.0,24.0
step,ewma,107,34.0,24.0
step,ewma,108,30.0,24.0
step,ewma,109,25.0,24.0
step,ewma,110,29.0,24.0
step,ewma,111,29.0,24.0
step,ewma,112,25.0,24.0
step,ewma,113,29.0,24.0
step,ewma,114,27.0,24.0
step,ewma,115,29.0,24.0
step,ewma,116,25.0,24.0
step,ewma,117,26.0,24.0
step,ewma,118,29.0,24.0
step,ewma,119,27.0,24.0
step,ewma,120,33.0,24.0
step,ewma,121,36.0,24.0
step,ewma,122,25.0,24.0
step,ewma,123,29.0,24.0
step,ewma,124,27.0,24.0
step,ewma,125,26.0,24.0
step,ewma,126,25.0,24.0
step,ewma,127,27.0,24.0
step,ewma,128,34.0,24.0
step,ewma,129,27.0,24.0
step,ewma,130,27.0,24.0
step,ewma,131,33.0,24.0
step,ewma,132,28.0,24.0
step,ewma,133,25.0,24.0
step,ewma,134,25.0,24.0
step,ewma,135,28.0,24.0
step,ewma,136,29.0,24.0
step,ewma,137,29.0,24.0
step,ewma,138,28.0,24.0
step,ewma,139,26.0,24.0
step,ewma,140,26.0,24.0
step,ewma,141,26.0,24.0
step,ewma,142,31.0,24.0
step,ewma,143,27.0,24.0
step,ewma,144,29.0,24.0
step,ewma,145,25.0,24.0
step,ewma,146,28.0,24.0
step,ewma,147,27.0,24.0
step,ewma,148,31.0,24.0
step,ewma,149,27.0,24.0
step,shewhart,0,,24.0
step,shewhart,1,35.0,24.0
step,shewhart,2,38.0,24.0
step,shewhart,3,53.0,24.0
step,shewhart,4,32.0,24.0
step,shewhart,5,25.0,24.0
step,shewhart,6,41.0,24.0
step,shewhart,7,,24.0
step,shewhart,8,36.0,24.0
step,shewhart,9,30.0,24.0
step,shewhart,10,41.0,24.0
step,shewhart,11,26.0,24.0
step,shewhart,12,29.0,24.0
step,shewhart,13,55.0,24.0
step,shewhart,14,36.0,24.0
step,shewhart,15,,24.0
step,shewhart,16,28.0,24.0
step,shewhart,17,26.0,24.0
step,shewhart,18,24.0,24.0
step,shewhart,19,42.0,24.0
step,shewhart,20,26.0,24.0
step,shewhart,21,51.0,24.0
step,shewhart,22,37.0,24.0
step,shewhart,23,42.0,24.0
step,shewhart,24,29.0,24.0
step,shewhart,25,52.0,24.0
step,shewhart,26,33.0,24.0
step,shewhart,27,33.0,24.0
step,shewhart,28,48.0,24.0
step,shewhart,29,36.0,24.0
step,shewhart,30,55.0,24.0
step,shewhart,31,48.0,24.0
step,shewhart,32,26.0,24.0
step,shewhart,33,27.0,24.0
step,shewhart,34,39.0,24.0
step,shewhart,35,49.0,24.0
step,shewhart,36,24.0,24.0
step,shewhart,37,36.0,24.0
step,shewhart,38,33.0,24.0
step,shewhart,39,35.0,24.0
step,shewhart,40,24.0,24.0
step,shewhart,41,25.0,24.0
step,shewhart,42,39.0,24.0
step,shewhart,43,32.0,24.0
step,shewhart,44,44.0,24.0
step,shewhart,45,30.0,24.0
step,shewhart,46,24.0,24.0
step,shewhart,47,25.0,24.0
step,shewhart,48,,24.0
step,shewhart,49,24.0,24.0
step,shewhart,50,34.0,24.0
step,shewhart,51,30.0,24.0
step,shewhart,52,25.0,24.0
step,shewhart,53,35.0,24.0
step,shewhart,54,35.0,24.0
step,shewhart,55,34.0,24.0
step,shewhart,56,34.0,24.0
step,shewhart,57,,24.0
step,shewhart,58,45.0,24.0
step,shewhart,59,32.0,24.0
step,shewhart,60,27.0,24.0
step,shewhart,61,39.0,24.0
step,shewhart,62,30.0,24.0
step,shewhart,63,39.0,24.0
step,shewhart,64,35.0,24.0
step,shewhart,65,31.0,24.0
step,shewhart,66,,24.0
step,shewhart,67,42.0,24.0
step,shewhart,68,37.0,24.0
step,shewhart,69,38.0,24.0
step,shewhart,70,32.0,24.0
step,shewhart,71,35.0,24.0
step,shewhart,72,32.0,24.0
step,shewhart,73,35.0,24.0
step,shewhart,74,26.0,24.0
step,shewhart,75,38.0,24.0
step,shewhart,76,46.0,24.0
step,shewhart,77,26.0,24.0
step,shewhart,78,41.0,24.0
step,shewhart,79,46.0,24.0
step,shewhart,80,25.0,24.0
step,shewhart,81,29.0,24.0
step,shewhart,82,24.0,24.0
step,shewhart,83,57.0,24.0
step,shewhart,84,33.0,24.0
step,shewhart,85,43.0,24.0
step,shewhart,86,37.0,24.0
step,shewhart,87,37.0,24.0
step,shewhart,88,31.0,24.0
step,shewhart,89,24.0,24.0
step,shewhart,90,30.0,24.0
step,shewhart,91,25.0,24.0
step,shewhart,92,24.0,24.0
step,shewhart,93,28.0,24.0
step,shewhart,94,26.0,24.0
step,shewhart,95,28.0,24.0
step,shewhart,96,26.0,24.0
step,shewhart,97,28.0,24.0
step,shewhart,98,25.0,24.0
step,shewhart,99,54.0,24.0
step,shewhart,100,39.0,24.0
step,shewhart,101,27.0,24.0
step,shewhart,102,41.0,24.0
step,shewhart,103,26.0,24.0
step,shewhart,104,26.0,24.0
step,shewhart,105,44.0,24.0
step,shewhart,106,29.0,24.0
step,shewhart,107,38.0,24.0
step,shewhart,108,35.0,24.0
step,shewhart,109,25.0,24.0
step,shewhart,110,29.0,24.0
step,shewhart,111,29.0,24.0
step,shewhart,112,24.0,24.0
step,shewhart,113,42.0,24.0
step,shewhart,114,34.0,24.0
step,shewhart,115,31.0,24.0
step,shewhart,116,28.0,24.0
step,shewhart,117,47.0,24.0
step,shewhart,118,49.0,24.0
step,shewhart,119,27.0,24.0
step,shewhart,120,50.0,24.0
step,shewhart,121,45.0,24.0
step,shewhart,122,27.0,24.0
step,shewhart,123,44.0,24.0
step,shewhart,124,29.0,24.0
step,shewhart,125,26.0,24.0
step,shewhart,126,34.0,24.0
step,shewhart,127,45.0,24.0
step,shewhart,128,,24.0
step,shewhart,129,53.0,24.0
step,shewhart,130,30.0,24.0
step,shewhart,131,24.0,24.0
step,shewhart,132,30.0,24.0
step,shewhart,133,34.0,24.0
step,shewhart,134,24.0,24.0
step,shewhart,135,28.0,24.0
step,shewhart,136,52.0,24.0
step,shewhart,137,56.0,24.0
step,shewhart,138,25.0,24.0
step,shewhart,139,42.0,24.0
step,shewhart,140,26.0,24.0
step,shewhart,141,26.0,24.0
step,shewhart,142,47.0,24.0
step,shewhart,143,34.0,24.0
step,shewhart,144,36.0,24.0
step,shewhart,145,25.0,24.0
step,shewhart,146,57.0,24.0
step,shewhart,147,33.0,24.0
step,shewhart,148,,24.0
step,shewhart,149,27.0,24.0
ramp,cusum,0,35.0,24.0
ramp,cusum,1,38.0,24.0
ramp,cusum,2,32.0,24.0
ramp,cusum,3,40.0,24.0
ramp,cusum,4,38.0,24.0
ramp,cusum,5,41.0,24.0
ramp,cusum,6,41.0,24.0
ramp,cusum,7,38.0,24.0
ramp,cusum,8,39.0,24.0
ramp,cusum,9,39.0,24.0
ramp,cusum,10,37.0,24.0
ramp,cusum,11,28.0,24.0
ramp,cusum,12,38.0,24.0
ramp,cusum,13,37.0,24.0
ramp,cusum,14,40.0,24.0
ramp,cusum,15,41.0,24.0
ramp,cusum,16,27.0,24.0
ramp,cusum,17,37.0,24.0
ramp,cusum,18,37.0,24.0
ramp,cusum,19,36.0,24.0
ramp,cusum,20,37.0,24.0
ramp,cusum,21,39.0,24.0
ramp,cusum,22,35.0,24.0
ramp,cusum,23,37.0,24.0
ramp,cusum,24,37.0,24.0
ramp,cusum,25,44.0,24.0
ramp,cusum,26,36.0,24.0
ramp,cusum,27,43.0,24.0
ramp,cusum,28,36.0,24.0
ramp,cusum,29,39.0,24.0
ramp,cusum,30,36.0,24.0
ramp,cusum,31,49.0,24.0
ramp,cusum,32,39.0,24.0
ramp,cusum,33,42.0,24.0
ramp,cusum,34,40.0,24.0
ramp,cusum,35,40.0,24.0
ramp,cusum,36,38.0,24.0
ramp,cusum,37,40.0,24.0
ramp,cusum,38,35.0,24.0
ramp,cusum,39,36.0,24.0
ramp,cusum,40,38.0,24.0
ramp,cusum,41,37.0,24.0
ramp,cusum,42,42.0,24.0
ramp,cusum,43,34.0,24.0
ramp,cusum,44,41.0,24.0
ramp,cusum,45,39.0,24.0
ramp,cusum,46,36.0,24.0
ramp,cusum,47,38.0,24.0
ramp,cusum,48,38.0,24.0
ramp,cusum,49,41.0,24.0
ramp,cusum,50,40.0,24.0
ramp,cusum,51,33.0,24.0
ramp,cusum,52,37.0,24.0
ramp,cusum,53,37.0,24.0
ramp,cusum,54,38.0,24.0
ramp,cusum,55,31.0,24.0
ramp,cusum,56,36.0,24.0
ramp,cusum,57,38.0,24.0
ramp,cusum,58,36.0,24.0
ramp,cusum,59,38.0,24.0
ramp,cusum,60,38.0,24.0
ramp,cusum,61,33.0,24.0
ramp,cusum,62,44.0,24.0
ramp,cusum,63,37.0,24.0
ramp,cusum,64,39.0,24.0
ramp,cusum,65,42.0,24.0
ramp,cusum,66,35.0,24.0
ramp,cusum,67,41.0,24.0
ramp,cusum,68,35.0,24.0
ramp,cusum,69,36.0,24.0
ramp,cusum,70,40.0,24.0
ramp,cusum,71,38.0,24.0
ramp,cusum,72,36.0,24.0
ramp,cusum,73,36.0,24.0
ramp,cusum,74,37.0,24.0
ramp,cusum,75,40.0,24.0
ramp,cusum,76,38.0,24.0
ramp,cusum,77,40.0,24.0
ramp,cusum,78,38.0,24.0
ramp,cusum,79,37.0,24.0
ramp,cusum,80,42.0,24.0
ramp,cusum,81,40.0,24.0
ramp,cusum,82,37.0,24.0
ramp,cusum,83,37.0,24.0
ramp,cusum,84,37.0,24.0
ramp,cusum,85,43.0,24.0
ramp,cusum,86,37.0,24.0
ramp,cusum,87,38.0,24.0
ramp,cusum,88,35.0,24.0
ramp,cusum,89,40.0,24.0
ramp,cusum,90,32.0,24.0
ramp,cusum,91,41.0,24.0
ramp,cusum,92,39.0,24.0
ramp,cusum,93,37.0,24.0
ramp,cusum,94,42.0,24.0
ramp,cusum,95,39.0,24.0
ramp,cusum,96,36.0,24.0
ramp,cusum,97,42.0,24.0
ramp,cusum,98,40.0,24.0
ramp,cusum,99,37.0,24.0
ramp,cusum,100,40.0,24.0
ramp,cusum,101,41.0,24.0
ramp,cusum,102,32.0,24.0
ramp,cusum,103,36.0,24.0
ramp,cusum,104,37.0,24.0
ramp,cusum,105,45.0,24.0
ramp,cusum,106,37.0,24.0
ramp,cusum,107,39.0,24.0
ramp,cusum,108,37.0,24.0
ramp,cusum,109,33.0,24.0
ramp,cusum,110,37.0,24.0
ramp,cusum,111,35.0,24.0
ramp,cusum,112,34.0,24.0
ramp,cusum,113,37.0,24.0
ramp,cusum,114,34.0,24.0
ramp,cusum,115,35.0,24.0
ramp,cusum,116,39.0,24.0
ramp,cusum,117,35.0,24.0
ramp,cusum,118,40.0,24.0
ramp,cusum,119,33.0,24.0
ramp,cusum,120,37.0,24.0
ramp,cusum,121,36.0,24.0
ramp,cusum,122,36.0,24.0
ramp,cusum,123,38.0,24.0
ramp,cusum,124,43.0,24.0
ramp,cusum,125,34.0,24.0
ramp,cusum,126,33.0,24.0
ramp,cusum,127,37.0,24.0
ramp,cusum,128,36.0,24.0
ramp,cusum,129,35.0,24.0
ramp,cusum,130,38.0,24.0
ramp,cusum,131,38.0,24.0
ramp,cusum,132,43.0,24.0
ramp,cusum,133,34.0,24.0
ramp,cusum,134,40.0,24.0
ramp,cusum,135,43.0,24.0
ramp,cusum,136,38.0,24.0
ramp,cusum,137,41.0,24.0
ramp,cusum,138,38.0,24.0
ramp,cusum,139,39.0,24.0
ramp,cusum,140,36.0,24.0
ramp,cusum,141,39.0,24.0
ramp,cusum,142,33.0,24.0
ramp,cusum,143,32.0,24.0
ramp,cusum,144,41.0,24.0
ramp,cusum,145,38.0,24.0
ramp,cusum,146,38.0,24.0
ramp,cusum,147,33.0,24.0
ramp,cusum,148,42.0,24.0
ramp,cusum,149,36.0,24.0
ramp,page_hinkley,0,37.0,24.0
ramp,page_hinkley,1,37.0,24.0
ramp,page_hinkley,2,27.0,24.0
ramp,page_hinkley,3,41.0,24.0
ramp,page_hinkley,4,37.0,24.0
ramp,page_hinkley,5,39.0,24.0
ramp,page_hinkley,6,42.0,24.0
ramp,page_hinkley,7,38.0,24.0
ramp,page_hinkley,8,38.0,24.0
ramp,page_hinkley,9,39.0,24.0
ramp,page_hinkley,10,35.0,24.0
ramp,page_hinkley,11,37.0,24.0
ramp,page_hinkley,12,38.0,24.0
ramp,page_hinkley,13,38.0,24.0
ramp,page_hinkley,14,39.0,24.0
ramp,page_hinkley,15,41.0,24.0
ramp,page_hinkley,16,32.0,24.0
ramp,page_hinkley,17,36.0,24.0
ramp,page_hinkley,18,37.0,24.0
ramp,page_hinkley,19,37.0,24.0
ramp,page_hinkley,20,36.0,24.0
ramp,page_hinkley,21,38.0,24.0
ramp,page_hinkley,22,34.0,24.0
ramp,page_hinkley,23,43.0,24.0
ramp,page_hinkley,24,37.0,24.0
ramp,page_hinkley,25,43.0,24.0
ramp,page_hinkley,26,36.0,24.0
ramp,page_hinkley,27,42.0,24.0
ramp,page_hinkley,28,41.0,24.0
ramp,page_hinkley,29,37.0,24.0
ramp,page_hinkley,30,39.0,24.0
ramp,page_hinkley,31,50.0,24.0
ramp,page_hinkley,32,38.0,24.0
ramp,page_hinkley,33,41.0,24.0
ramp,page_hinkley,34,44.0,24.0
ramp,page_hinkley,35,42.0,24.0
ramp,page_hinkley,36,37.0,24.0
ramp,page_hinkley,37,39.0,24.0
ramp,page_hinkley,38,37.0,24.0
ramp,page_hinkley,39,35.0,24.0
ramp,page_hinkley,40,38.0,24.0
ramp,page_hinkley,41,38.0,24.0
ramp,page_hinkley,42,39.0,24.0
ramp,page_hinkley,43,34.0,24.0
ramp,page_hinkley,44,43.0,24.0
ramp,page_hinkley,45,40.0,24.0
ramp,page_hinkley,46,36.0,24.0
ramp,page_hinkley,47,37.0,24.0
ramp,page_hinkley,48,38.0,24.0
ramp,page_hinkley,49,43.0,24.0
ramp,page_hinkley,50,41.0,24.0
ramp,page_hinkley,51,33.0,24.0
ramp,page_hinkley,52,37.0,24.0
ramp,page_hinkley,53,37.0,24.0
ramp,page_hinkley,54,39.0,24.0
ramp,page_hinkley,55,32.0,24.0
ramp,page_hinkley,56,36.0,24.0
ramp,page_hinkley,57,37.0,24.0
ramp,page_hinkley,58,35.0,24.0
ramp,page_hinkley,59,38.0,24.0
ramp,page_hinkley,60,38.0,24.0
ramp,page_hinkley,61,35.0,24.0
ramp,page_hinkley,62,44.0,24.0
ramp,page_hinkley,63,37.0,24.0
ramp,page_hinkley,64,39.0,24.0
ramp,page_hinkley,65,43.0,24.0
ramp,page_hinkley,66,35.0,24.0
ramp,page_hinkley,67,43.0,24.0
ramp,page_hinkley,68,35.0,24.0
ramp,page_hinkley,69,37.0,24.0
ramp,page_hinkley,70,39.0,24.0
ramp,page_hinkley,71,35.0,24.0
ramp,page_hinkley,72,36.0,24.0
ramp,page_hinkley,73,36.0,24.0
ramp,page_hinkley,74,37.0,24.0
ramp,page_hinkley,75,41.0,24.0
ramp,page_hinkley,76,38.0,24.0
ramp,page_hinkley,77,42.0,24.0
ramp,page_hinkley,78,39.0,24.0
ramp,page_hinkley,79,40.0,24.0
ramp,page_hinkley,80,42.0,24.0
ramp,page_hinkley,81,39.0,24.0
ramp,page_hinkley,82,36.0,24.0
ramp,page_hinkley,83,37.0,24.0
ramp,page_hinkley,84,39.0,24.0
ramp,page_hinkley,85,43.0,24.0
ramp,page_hinkley,86,37.0,24.0
ramp,page_hinkley,87,39.0,24.0
ramp,page_hinkley,88,35.0,24.0
ramp,page_hinkley,89,38.0,24.0
ramp,page_hinkley,90,34.0,24.0
ramp,page_hinkley,91,41.0,24.0
ramp,page_hinkley,92,40.0,24.0
ramp,page_hinkley,93,36.0,24.0
ramp,page_hinkley,94,42.0,24.0
ramp,page_hinkley,95,36.0,24.0
ramp,page_hinkley,96,37.0,24.0
ramp,page_hinkley,97,43.0,24.0
ramp,page_hinkley,98,40.0,24.0
ramp,page_hinkley,99,37.0,24.0
ramp,page_hinkley,100,39.0,24.0
ramp,page_hinkley,101,42.0,24.0
ramp,page_hinkley,102,31.0,24.0
ramp,page_hinkley,103,37.0,24.0
ramp,page_hinkley,104,38.0,24.0
ramp,page_hinkley,105,40.0,24.0
ramp,page_hinkley,106,38.0,24.0
ramp,page_hinkley,107,38.0,24.0
ramp,page_hinkley,108,36.0,24.0
ramp,page_hinkley,109,36.0,24.0
ramp,page_hinkley,110,37.0,24.0
ramp,page_hinkley,111,35.0,24.0
ramp,page_hinkley,112,34.0,24.0
ramp,page_hinkley,113,37.0,24.0
ramp,page_hinkley,114,36.0,24.0
ramp,page_hinkley,115,33.0,24.0
ramp,page_hinkley,116,40.0,24.0
ramp,page_hinkley,117,36.0,24.0
ramp,page_hinkley,118,40.0,24.0
ramp,page_hinkley,119,34.0,24.0
ramp,page_hinkley,120,37.0,24.0
ramp,page_hinkley,121,37.0,24.0
ramp,page_hinkley,122,35.0,24.0
ramp,page_hinkley,123,38.0,24.0
ramp,page_hinkley,124,42.0,24.0
ramp,page_hinkley,125,36.0,24.0
ramp,page_hinkley,126,30.0,24.0
ramp,page_hinkley,127,37.0,24.0
ramp,page_hinkley,128,38.0,24.0
ramp,page_hinkley,129,33.0,24.0
ramp,page_hinkley,130,39.0,24.0
ramp,page_hinkley,131,35.0,24.0
ramp,page_hinkley,132,43.0,24.0
ramp,page_hinkley,133,35.0,24.0
ramp,page_hinkley,134,39.0,24.0
ramp,page_hinkley,135,43.0,24.0
ramp,page_hinkley,136,38.0,24.0
ramp,page_hinkley,137,41.0,24.0
ramp,page_hinkley,138,37.0,24.0
ramp,page_hinkley,139,39.0,24.0
ramp,page_hinkley,140,37.0,24.0
ramp,page_hinkley,141,39.0,24.0
ramp,page_hinkley,142,32.0,24.0
ramp,page_hinkley,143,33.0,24.0
ramp,page_hinkley,144,42.0,24.0
ramp,page_hinkley,145,37.0,24.0
ramp,page_hinkley,146,43.0,24.0
ramp,page_hinkley,147,34.0,24.0
ramp,page_hinkley,148,41.0,24.0
ramp,page_hinkley,149,46.0,24.0
ramp,ewma,0,35.0,24.0
ramp,ewma,1,37.0,24.0
ramp,ewma,2,28.0,24.0
ramp,ewma,3,39.0,24.0
ramp,ewma,4,47.0,24.0
ramp,ewma,5,40.0,24.0
ramp,ewma,6,41.0,24.0
ramp,ewma,7,38.0,24.0
ramp,ewma,8,38.0,24.0
ramp,ewma,9,39.0,24.0
ramp,ewma,10,34.0,24.0
ramp,ewma,11,27.0,24.0
ramp,ewma,12,38.0,24.0
ramp,ewma,13,35.0,24.0
ramp,ewma,14,39.0,24.0
ramp,ewma,15,40.0,24.0
ramp,ewma,16,26.0,24.0
ramp,ewma,17,35.0,24.0
ramp,ewma,18,36.0,24.0
ramp,ewma,19,36.0,24.0
ramp,ewma,20,36.0,24.0
ramp,ewma,21,41.0,24.0
ramp,ewma,22,32.0,24.0
ramp,ewma,23,38.0,24.0
ramp,ewma,24,34.0,24.0
ramp,ewma,25,44.0,24.0
ramp,ewma,26,35.0,24.0
ramp,ewma,27,45.0,24.0
ramp,ewma,28,35.0,24.0
ramp,ewma,29,37.0,24.0
ramp,ewma,30,35.0,24.0
ramp,ewma,31,50.0,24.0
ramp,ewma,32,37.0,24.0
ramp,ewma,33,45.0,24.0
ramp,ewma,34,43.0,24.0
ramp,ewma,35,41.0,24.0
ramp,ewma,36,35.0,24.0
ramp,ewma,37,24.0,24.0
ramp,ewma,38,38.0,24.0
ramp,ewma,39,35.0,24.0
ramp,ewma,40,35.0,24.0
ramp,ewma,41,34.0,24.0
ramp,ewma,42,39.0,24.0
ramp,ewma,43,32.0,24.0
ramp,ewma,44,39.0,24.0
ramp,ewma,45,38.0,24.0
ramp,ewma,46,37.0,24.0
ramp,ewma,47,38.0,24.0
ramp,ewma,48,37.0,24.0
ramp,ewma,49,45.0,24.0
ramp,ewma,50,42.0,24.0
ramp,ewma,51,32.0,24.0
ramp,ewma,52,37.0,24.0
ramp,ewma,53,35.0,24.0
ramp,ewma,54,37.0,24.0
ramp,ewma,55,32.0,24.0
ramp,ewma,56,36.0,24.0
ramp,ewma,57,36.0,24.0
ramp,ewma,58,34.0,24.0
ramp,ewma,59,37.0,24.0
ramp,ewma,60,36.0,24.0
ramp,ewma,61,36.0,24.0
ramp,ewma,62,44.0,24.0
ramp,ewma,63,37.0,24.0
ramp,ewma,64,39.0,24.0
ramp,ewma,65,42.0,24.0
ramp,ewma,66,33.0,24.0
ramp,ewma,67,38.0,24.0
ramp,ewma,68,34.0,24.0
ramp,ewma,69,43.0,24.0
ramp,ewma,70,37.0,24.0
ramp,ewma,71,35.0,24.0
ramp,ewma,72,35.0,24.0
ramp,ewma,73,34.0,24.0
ramp,ewma,74,37.0,24.0
ramp,ewma,75,39.0,24.0
ramp,ewma,76,38.0,24.0
ramp,ewma,77,40.0,24.0
ramp,ewma,78,39.0,24.0
ramp,ewma,79,34.0,24.0
ramp,ewma,80,39.0,24.0
ramp,ewma,81,40.0,24.0
ramp,ewma,82,37.0,24.0
ramp,ewma,83,36.0,24.0
ramp,ewma,84,36.0,24.0
ramp,ewma,85,43.0,24.0
ramp,ewma,86,34.0,24.0
ramp,ewma,87,38.0,24.0
ramp,ewma,88,35.0,24.0
ramp,ewma,89,38.0,24.0
ramp,ewma,90,30.0,24.0
ramp,ewma,91,41.0,24.0
ramp,ewma,92,39.0,24.0
ramp,ewma,93,35.0,24.0
ramp,ewma,94,42.0,24.0
ramp,ewma,95,36.0,24.0
ramp,ewma,96,36.0,24.0
ramp,ewma,97,39.0,24.0
ramp,ewma,98,39.0,24.0
ramp,ewma,99,38.0,24.0
ramp,ewma,100,38.0,24.0
ramp,ewma,101,42.0,24.0
ramp,ewma,102,31.0,24.0
ramp,ewma,103,36.0,24.0
ramp,ewma,104,36.0,24.0
ramp,ewma,105,45.0,24.0
ramp,ewma,106,39.0,24.0
ramp,ewma,107,37.0,24.0
ramp,ewma,108,37.0,24.0
ramp,ewma,109,32.0,24.0
ramp,ewma,110,37.0,24.0
ramp,ewma,111,33.0,24.0
ramp,ewma,112,33.0,24.0
ramp,ewma,113,36.0,24.0
ramp,ewma,114,32.0,24.0
ramp,ewma,115,35.0,24.0
ramp,ewma,116,39.0,24.0
ramp,ewma,117,32.0,24.0
ramp,ewma,118,40.0,24.0
ramp,ewma,119,32.0,24.0
ramp,ewma,120,37.0,24.0
ramp,ewma,121,34.0,24.0
ramp,ewma,122,23.0,24.0
ramp,ewma,123,36.0,24.0
ramp,ewma,124,42.0,24.0
ramp,ewma,125,32.0,24.0
ramp,ewma,126,30.0,24.0
ramp,ewma,127,37.0,24.0
ramp,ewma,128,36.0,24.0
ramp,ewma,129,34.0,24.0
ramp,ewma,130,37.0,24.0
ramp,ewma,131,34.0,24.0
ramp,ewma,132,39.0,24.0
ramp,ewma,133,34.0,24.0
ramp,ewma,134,38.0,24.0
ramp,ewma,135,43.0,24.0
ramp,ewma,136,37.0,24.0
ramp,ewma,137,32.0,24.0
ramp,ewma,138,36.0,24.0
ramp,ewma,139,38.0,24.0
ramp,ewma,140,37.0,24.0
ramp,ewma,141,39.0,24.0
ramp,ewma,142,40.0,24.0
ramp,ewma,143,31.0,24.0
ramp,ewma,144,43.0,24.0
ramp,ewma,145,41.0,24.0
ramp,ewma,146,37.0,24.0
ramp,ewma,147,34.0,24.0
ramp,ewma,148,40.0,24.0
ramp,ewma,149,48.0,24.0
ramp,shewhart,0,41.0,24.0
ramp,shewhart,1,37.0,24.0
ramp,shewhart,2,55.0,24.0
ramp,shewhart,3,40.0,24.0
ramp,shewhart,4,55.0,24.0
ramp,shewhart,5,55.0,24.0
ramp,shewhart,6,43.0,24.0
ramp,shewhart,7,33.0,24.0
ramp,shewhart,8,38.0,24.0
ramp,shewhart,9,43.0,24.0
ramp,shewhart,10,45.0,24.0
ramp,shewhart,11,27.0,24.0
ramp,shewhart,12,38.0,24.0
ramp,shewhart,13,35.0,24.0
ramp,shewhart,14,,24.0
ramp,shewhart,15,45.0,24.0
ramp,shewhart,16,39.0,24.0
ramp,shewhart,17,35.0,24.0
ramp,shewhart,18,37.0,24.0
ramp,shewhart,19,55.0,24.0
ramp,shewhart,20,41.0,24.0
ramp,shewhart,21,42.0,24.0
ramp,shewhart,22,44.0,24.0
ramp,shewhart,23,46.0,24.0
ramp,shewhart,24,38.0,24.0
ramp,shewhart,25,,24.0
ramp,shewhart,26,,24.0
ramp,shewhart,27,45.0,24.0
ramp,shewhart,28,50.0,24.0
ramp,shewhart,29,,24.0
ramp,shewhart,30,43.0,24.0
ramp,shewhart,31,54.0,24.0
ramp,shewhart,32,51.0,24.0
ramp,shewhart,33,53.0,24.0
ramp,shewhart,34,44.0,24.0
ramp,shewhart,35,51.0,24.0
ramp,shewhart,36,40.0,24.0
ramp,shewhart,37,24.0,24.0
ramp,shewhart,38,41.0,24.0
ramp,shewhart,39,37.0,24.0
ramp,shewhart,40,35.0,24.0
ramp,shewhart,41,44.0,24.0
ramp,shewhart,42,51.0,24.0
ramp,shewhart,43,32.0,24.0
ramp,shewhart,44,44.0,24.0
ramp,shewhart,45,40.0,24.0
ramp,shewhart,46,50.0,24.0
ramp,shewhart,47,,24.0
ramp,shewhart,48,54.0,24.0
ramp,shewhart,49,54.0,24.0
ramp,shewhart,50,45.0,24.0
ramp,shewhart,51,37.0,24.0
ramp,shewhart,52,55.0,24.0
ramp,shewhart,53,39.0,24.0
ramp,shewhart,54,46.0,24.0
ramp,shewhart,55,43.0,24.0
ramp,shewhart,56,36.0,24.0
ramp,shewhart,57,35.0,24.0
ramp,shewhart,58,39.0,24.0
ramp,shewhart,59,39.0,24.0
ramp,shewhart,60,36.0,24.0
ramp,shewhart,61,,24.0
ramp,shewhart,62,57.0,24.0
ramp,shewhart,63,37.0,24.0
ramp,shewhart,64,41.0,24.0
ramp,shewhart,65,44.0,24.0
ramp,shewhart,66,52.0,24.0
ramp,shewhart,67,,24.0
ramp,shewhart,68,37.0,24.0
ramp,shewhart,69,48.0,24.0
ramp,shewhart,70,,24.0
ramp,shewhart,71,38.0,24.0
ramp,shewhart,72,36.0,24.0
ramp,shewhart,73,,24.0
ramp,shewhart,74,59.0,24.0
ramp,shewhart,75,39.0,24.0
ramp,shewhart,76,46.0,24.0
ramp,shewhart,77,47.0,24.0
ramp,shewhart,78,,24.0
ramp,shewhart,79,47.0,24.0
ramp,shewhart,80,52.0,24.0
ramp,shewhart,81,56.0,24.0
ramp,shewhart,82,37.0,24.0
ramp,shewhart,83,37.0,24.0
ramp,shewhart,84,39.0,24.0
ramp,shewhart,85,56.0,24.0
ramp,shewhart,86,48.0,24.0
ramp,shewhart,87,41.0,24.0
ramp,shewhart,88,,24.0
ramp,shewhart,89,38.0,24.0
ramp,shewhart,90,34.0,24.0
ramp,shewhart,91,42.0,24.0
ramp,shewhart,92,39.0,24.0
ramp,shewhart,93,35.0,24.0
ramp,shewhart,94,44.0,24.0
ramp,shewhart,95,58.0,24.0
ramp,shewhart,96,57.0,24.0
ramp,shewhart,97,42.0,24.0
ramp,shewhart,98,40.0,24.0
ramp,shewhart,99,40.0,24.0
ramp,shewhart,100,50.0,24.0
ramp,shewhart,101,49.0,24.0
ramp,shewhart,102,53.0,24.0
ramp,shewhart,103,43.0,24.0
ramp,shewhart,104,36.0,24.0
ramp,shewhart,105,,24.0
ramp,shewhart,106,,24.0
ramp,shewhart,107,,24.0
ramp,shewhart,108,39.0,24.0
ramp,shewhart,109,32.0,24.0
ramp,shewhart,110,37.0,24.0
ramp,shewhart,111,35.0,24.0
ramp,shewhart,112,36.0,24.0
ramp,shewhart,113,37.0,24.0
ramp,shewhart,114,45.0,24.0
ramp,shewhart,115,16.0,24.0
ramp,shewhart,116,45.0,24.0
ramp,shewhart,117,52.0,24.0
ramp,shewhart,118,59.0,24.0
ramp,shewhart,119,32.0,24.0
ramp,shewhart,120,37.0,24.0
ramp,shewhart,121,44.0,24.0
ramp,shewhart,122,23.0,24.0
ramp,shewhart,123,42.0,24.0
ramp,shewhart,124,42.0,24.0
ramp,shewhart,125,,24.0
ramp,shewhart,126,30.0,24.0
ramp,shewhart,127,,24.0
ramp,shewhart,128,55.0,24.0
ramp,shewhart,129,36.0,24.0
ramp,shewhart,130,38.0,24.0
ramp,shewhart,131,33.0,24.0
ramp,shewhart,132,44.0,24.0
ramp,shewhart,133,34.0,24.0
ramp,shewhart,134,38.0,24.0
ramp,shewhart,135,46.0,24.0
ramp,shewhart,136,41.0,24.0
ramp,shewhart,137,42.0,24.0
ramp,shewhart,138,54.0,24.0
ramp,shewhart,139,47.0,24.0
ramp,shewhart,140,,24.0
ramp,shewhart,141,30.0,24.0
ramp,shewhart,142,46.0,24.0
ramp,shewhart,143,45.0,24.0
ramp,shewhart,144,49.0,24.0
ramp,shewhart,145,43.0,24.0
ramp,shewhart,146,37.0,24.0
ramp,shewhart,147,34.0,24.0
ramp,shewhart,148,53.0,24.0
ramp,shewhart,149,48.0,24.0
seasonal_null,cusum,0,,
seasonal_null,cusum,1,,
seasonal_null,cusum,2,,
seasonal_null,cusum,3,,
seasonal_null,cusum,4,,
seasonal_null,cusum,5,,
seasonal_null,cusum,6,,
seasonal_null,cusum,7,,
seasonal_null,cusum,8,,
seasonal_null,cusum,9,,
seasonal_null,cusum,10,,
seasonal_null,cusum,11,,
seasonal_null,cusum,12,,
seasonal_null,cusum,13,,
seasonal_null,cusum,14,,
seasonal_null,cusum,15,,
seasonal_null,cusum,16,,
seasonal_null,cusum,17,,
seasonal_null,cusum,18,,
seasonal_null,cusum,19,,
seasonal_null,cusum,20,,
seasonal_null,cusum,21,,
seasonal_null,cusum,22,,
seasonal_null,cusum,23,,
seasonal_null,cusum,24,,
seasonal_null,cusum,25,,
seasonal_null,cusum,26,,
seasonal_null,cusum,27,,
seasonal_null,cusum,28,,
seasonal_null,cusum,29,,
seasonal_null,cusum,30,,
seasonal_null,cusum,31,,
seasonal_null,cusum,32,,
seasonal_null,cusum,33,,
seasonal_null,cusum,34,,
seasonal_null,cusum,35,,
seasonal_null,cusum,36,,
seasonal_null,cusum,37,,
seasonal_null,cusum,38,,
seasonal_null,cusum,39,,
seasonal_null,cusum,40,23.0,
seasonal_null,cusum,41,,
seasonal_null,cusum,42,,
seasonal_null,cusum,43,,
seasonal_null,cusum,44,,
seasonal_null,cusum,45,,
seasonal_null,cusum,46,,
seasonal_null,cusum,47,,
seasonal_null,cusum,48,,
seasonal_null,cusum,49,,
seasonal_null,cusum,50,,
seasonal_null,cusum,51,25.0,
seasonal_null,cusum,52,,
seasonal_null,cusum,53,,
seasonal_null,cusum,54,,
seasonal_null,cusum,55,,
seasonal_null,cusum,56,,
seasonal_null,cusum,57,,
seasonal_null,cusum,58,,
seasonal_null,cusum,59,,
seasonal_null,cusum,60,,
seasonal_null,cusum,61,,
seasonal_null,cusum,62,45.0,
seasonal_null,cusum,63,,
seasonal_null,cusum,64,,
seasonal_null,cusum,65,,
seasonal_null,cusum,66,,
seasonal_null,cusum,67,17.0,
seasonal_null,cusum,68,,
seasonal_null,cusum,69,59.0,
seasonal_null,cusum,70,,
seasonal_null,cusum,71,,
seasonal_null,cusum,72,,
seasonal_null,cusum,73,54.0,
seasonal_null,cusum,74,,
seasonal_null,cusum,75,,
seasonal_null,cusum,76,,
seasonal_null,cusum,77,,
seasonal_null,cusum,78,,
seasonal_null,cusum,79,,
seasonal_null,cusum,80,,
seasonal_null,cusum,81,,
seasonal_null,cusum,82,,
seasonal_null,cusum,83,,
seasonal_null,cusum,84,,
seasonal_null,cusum,85,43.0,
seasonal_null,cusum,86,,
seasonal_null,cusum,87,,
seasonal_null,cusum,88,,
seasonal_null,cusum,89,,
seasonal_null,cusum,90,,
seasonal_null,cusum,91,,
seasonal_null,cusum,92,,
seasonal_null,cusum,93,,
seasonal_null,cusum,94,,
seasonal_null,cusum,95,,
seasonal_null,cusum,96,,
seasonal_null,cusum,97,,
seasonal_null,cusum,98,,
seasonal_null,cusum,99,32.0,
seasonal_null,cusum,100,,
seasonal_null,cusum,101,,
seasonal_null,cusum,102,,
seasonal_null,cusum,103,,
seasonal_null,cusum,104,,
seasonal_null,cusum,105,,
seasonal_null,cusum,106,,
seasonal_null,cusum,107,,
seasonal_null,cusum,108,,
seasonal_null,cusum,109,42.0,
seasonal_null,cusum,110,,
seasonal_null,cusum,111,,
seasonal_null,cusum,112,,
seasonal_null,cusum,113,,
seasonal_null,cusum,114,,
seasonal_null,cusum,115,,
seasonal_null,cusum,116,,
seasonal_null,cusum,117,,
seasonal_null,cusum,118,,
seasonal_null,cusum,119,,
seasonal_null,cusum,120,25.0,
seasonal_null,cusum,121,,
seasonal_null,cusum,122,,
seasonal_null,cusum,123,31.0,
seasonal_null,cusum,124,,
seasonal_null,cusum,125,,
seasonal_null,cusum,126,,
seasonal_null,cusum,127,,
seasonal_null,cusum,128,,
seasonal_null,cusum,129,,
seasonal_null,cusum,130,,
seasonal_null,cusum,131,,
seasonal_null,cusum,132,33.0,
seasonal_null,cusum,133,,
seasonal_null,cusum,134,,
seasonal_null,cusum,135,,
seasonal_null,cusum,136,,
seasonal_null,cusum,137,,
seasonal_null,cusum,138,,
seasonal_null,cusum,139,,
seasonal_null,cusum,140,59.0,
seasonal_null,cusum,141,,
seasonal_null,cusum,142,,
seasonal_null,cusum,143,,
seasonal_null,cusum,144,,
seasonal_null,cusum,145,,
seasonal_null,cusum,146,,
seasonal_null,cusum,147,,
seasonal_null,cusum,148,,
seasonal_null,cusum,149,27.0,
seasonal_null,page_hinkley,0,,
seasonal_null,page_hinkley,1,,
seasonal_null,page_hinkley,2,33.0,
seasonal_null,page_hinkley,3,,
seasonal_null,page_hinkley,4,,
seasonal_null,page_hinkley,5,,
seasonal_null,page_hinkley,6,,
seasonal_null,page_hinkley,7,,
seasonal_null,page_hinkley,8,,
seasonal_null,page_hinkley,9,,
seasonal_null,page_hinkley,10,,
seasonal_null,page_hinkley,11,,
seasonal_null,page_hinkley,12,,
seasonal_null,page_hinkley,13,,
seasonal_null,page_hinkley,14,,
seasonal_null,page_hinkley,15,,
seasonal_null,page_hinkley,16,,
seasonal_null,page_hinkley,17,,
seasonal_null,page_hinkley,18,,
seasonal_null,page_hinkley,19,,
seasonal_null,page_hinkley,20,,
seasonal_null,page_hinkley,21,,
seasonal_null,page_hinkley,22,59.0,
seasonal_null,page_hinkley,23,,
seasonal_null,page_hinkley,24,,
seasonal_null,page_hinkley,25,,
seasonal_null,page_hinkley,26,40.0,
seasonal_null,page_hinkley,27,59.0,
seasonal_null,page_hinkley,28,,
seasonal_null,page_hinkley,29,,
seasonal_null,page_hinkley,30,,
seasonal_null,page_hinkley,31,,
seasonal_null,page_hinkley,32,,
seasonal_null,page_hinkley,33,,
seasonal_null,page_hinkley,34,57.0,
seasonal_null,page_hinkley,35,,
seasonal_null,page_hinkley,36,34.0,
seasonal_null,page_hinkley,37,,
seasonal_null,page_hinkley,38,,
seasonal_null,page_hinkley,39,,
seasonal_null,page_hinkley,40,23.0,
seasonal_null,page_hinkley,41,,
seasonal_null,page_hinkley,42,,
seasonal_null,page_hinkley,43,,
seasonal_null,page_hinkley,44,,
seasonal_null,page_hinkley,45,,
seasonal_null,page_hinkley,46,41.0,
seasonal_null,page_hinkley,47,,
seasonal_null,page_hinkley,48,,
seasonal_null,page_hinkley,49,,
seasonal_null,page_hinkley,50,,
seasonal_null,page_hinkley,51,42.0,
seasonal_null,page_hinkley,52,,
seasonal_null,page_hinkley,53,,
seasonal_null,page_hinkley,54,,
seasonal_null,page_hinkley,55,,
seasonal_null,page_hinkley,56,,
seasonal_null,page_hinkley,57,,
seasonal_null,page_hinkley,58,,
seasonal_null,page_hinkley,59,,
seasonal_null,page_hinkley,60,,
seasonal_null,page_hinkley,61,,
seasonal_null,page_hinkley,62,39.0,
seasonal_null,page_hinkley,63,,
seasonal_null,page_hinkley,64,,
seasonal_null,page_hinkley,65,,
seasonal_null,page_hinkley,66,,
seasonal_null,page_hinkley,67,34.0,
seasonal_null,page_hinkley,68,,
seasonal_null,page_hinkley,69,59.0,
seasonal_null,page_hinkley,70,,
seasonal_null,page_hinkley,71,,
seasonal_null,page_hinkley,72,,
seasonal_null,page_hinkley,73,,
seasonal_null,page_hinkley,74,,
seasonal_null,page_hinkley,75,42.0,
seasonal_null,page_hinkley,76,,
seasonal_null,page_hinkley,77,58.0,
seasonal_null,page_hinkley,78,,
seasonal_null,page_hinkley,79,,
seasonal_null,page_hinkley,80,,
seasonal_null,page_hinkley,81,,
seasonal_null,page_hinkley,82,56.0,
seasonal_null,page_hinkley,83,,
seasonal_null,page_hinkley,84,,
seasonal_null,page_hinkley,85,43.0,
seasonal_null,page_hinkley,86,,
seasonal_null,page_hinkley,87,59.0,
seasonal_null,page_hinkley,88,54.0,
seasonal_null,page_hinkley,89,48.0,
seasonal_null,page_hinkley,90,,
seasonal_null,page_hinkley,91,,
seasonal_null,page_hinkley,92,,
seasonal_null,page_hinkley,93,51.0,
seasonal_null,page_hinkley,94,,
seasonal_null,page_hinkley,95,,
seasonal_null,page_hinkley,96,,
seasonal_null,page_hinkley,97,,
seasonal_null,page_hinkley,98,54.0,
seasonal_null,page_hinkley,99,32.0,
seasonal_null,page_hinkley,100,,
seasonal_null,page_hinkley,101,,
seasonal_null,page_hinkley,102,,
seasonal_null,page_hinkley,103,,
seasonal_null,page_hinkley,104,,
seasonal_null,page_hinkley,105,,
seasonal_null,page_hinkley,106,,
seasonal_null,page_hinkley,107,,
seasonal_null,page_hinkley,108,,
seasonal_null,page_hinkley,109,42.0,
seasonal_null,page_hinkley,110,,
seasonal_null,page_hinkley,111,,
seasonal_null,page_hinkley,112,,
seasonal_null,page_hinkley,113,,
seasonal_null,page_hinkley,114,,
seasonal_null,page_hinkley,115,,
seasonal_null,page_hinkley,116,,
seasonal_null,page_hinkley,117,,
seasonal_null,page_hinkley,118,59.0,
seasonal_null,page_hinkley,119,,
seasonal_null,page_hinkley,120,,
seasonal_null,page_hinkley,121,,
seasonal_null,page_hinkley,122,57.0,
seasonal_null,page_hinkley,123,,
seasonal_null,page_hinkley,124,,
seasonal_null,page_hinkley,125,,
seasonal_null,page_hinkley,126,,
seasonal_null,page_hinkley,127,,
seasonal_null,page_hinkley,128,32.0,
seasonal_null,page_hinkley,129,,
seasonal_null,page_hinkley,130,,
seasonal_null,page_hinkley,131,,
seasonal_null,page_hinkley,132,,
seasonal_null,page_hinkley,133,,
seasonal_null,page_hinkley,134,,
seasonal_null,page_hinkley,135,,
seasonal_null,page_hinkley,136,,
seasonal_null,page_hinkley,137,,
seasonal_null,page_hinkley,138,,
seasonal_null,page_hinkley,139,,
seasonal_null,page_hinkley,140,48.0,
seasonal_null,page_hinkley,141,,
seasonal_null,page_hinkley,142,,
seasonal_null,page_hinkley,143,,
seasonal_null,page_hinkley,144,59.0,
seasonal_null,page_hinkley,145,,
seasonal_null,page_hinkley,146,,
seasonal_null,page_hinkley,147,,
seasonal_null,page_hinkley,148,,
seasonal_null,page_hinkley,149,36.0,
seasonal_null,ewma,0,,
seasonal_null,ewma,1,34.0,
seasonal_null,ewma,2,15.0,
seasonal_null,ewma,3,,
seasonal_null,ewma,4,,
seasonal_null,ewma,5,,
seasonal_null,ewma,6,,
seasonal_null,ewma,7,,
seasonal_null,ewma,8,,
seasonal_null,ewma,9,,
seasonal_null,ewma,10,34.0,
seasonal_null,ewma,11,,
seasonal_null,ewma,12,,
seasonal_null,ewma,13,,
seasonal_null,ewma,14,,
seasonal_null,ewma,15,,
seasonal_null,ewma,16,,
seasonal_null,ewma,17,,
seasonal_null,ewma,18,,
seasonal_null,ewma,19,,
seasonal_null,ewma,20,,
seasonal_null,ewma,21,,
seasonal_null,ewma,22,,
seasonal_null,ewma,23,,
seasonal_null,ewma,24,,
seasonal_null,ewma,25,,
seasonal_null,ewma,26,28.0,
seasonal_null,ewma,27,40.0,
seasonal_null,ewma,28,,
seasonal_null,ewma,29,28.0,
seasonal_null,ewma,30,,
seasonal_null,ewma,31,,
seasonal_null,ewma,32,,
seasonal_null,ewma,33,,
seasonal_null,ewma,34,,
seasonal_null,ewma,35,,
seasonal_null,ewma,36,,
seasonal_null,ewma,37,,
seasonal_null,ewma,38,,
seasonal_null,ewma,39,,
seasonal_null,ewma,40,22.0,
seasonal_null,ewma,41,,
seasonal_null,ewma,42,,
seasonal_null,ewma,43,,
seasonal_null,ewma,44,,
seasonal_null,ewma,45,,
seasonal_null,ewma,46,40.0,
seasonal_null,ewma,47,,
seasonal_null,ewma,48,,
seasonal_null,ewma,49,47.0,
seasonal_null,ewma,50,,
seasonal_null,ewma,51,23.0,
seasonal_null,ewma,52,,
seasonal_null,ewma,53,,
seasonal_null,ewma,54,,
seasonal_null,ewma,55,54.0,
seasonal_null,ewma,56,,
seasonal_null,ewma,57,,
seasonal_null,ewma,58,,
seasonal_null,ewma,59,51.0,
seasonal_null,ewma,60,21.0,
seasonal_null,ewma,61,,
seasonal_null,ewma,62,,
seasonal_null,ewma,63,,
seasonal_null,ewma,64,,
seasonal_null,ewma,65,,
seasonal_null,ewma,66,,
seasonal_null,ewma,67,16.0,
seasonal_null,ewma,68,,
seasonal_null,ewma,69,56.0,
seasonal_null,ewma,70,46.0,
seasonal_null,ewma,71,,
seasonal_null,ewma,72,,
seasonal_null,ewma,73,53.0,
seasonal_null,ewma,74,,
seasonal_null,ewma,75,,
seasonal_null,ewma,76,,
seasonal_null,ewma,77,,
seasonal_null,ewma,78,,
seasonal_null,ewma,79,,
seasonal_null,ewma,80,,
seasonal_null,ewma,81,,
seasonal_null,ewma,82,,
seasonal_null,ewma,83,,
seasonal_null,ewma,84,,
seasonal_null,ewma,85,,
seasonal_null,ewma,86,,
seasonal_null,ewma,87,59.0,
seasonal_null,ewma,88,,
seasonal_null,ewma,89,39.0,
seasonal_null,ewma,90,,
seasonal_null,ewma,91,,
seasonal_null,ewma,92,,
seasonal_null,ewma,93,51.0,
seasonal_null,ewma,94,,
seasonal_null,ewma,95,,
seasonal_null,ewma,96,,
seasonal_null,ewma,97,17.0,
seasonal_null,ewma,98,,
seasonal_null,ewma,99,34.0,
seasonal_null,ewma,100,58.0,
seasonal_null,ewma,101,,
seasonal_null,ewma,102,,
seasonal_null,ewma,103,,
seasonal_null,ewma,104,,
seasonal_null,ewma,105,,
seasonal_null,ewma,106,,
seasonal_null,ewma,107,,
seasonal_null,ewma,108,,
seasonal_null,ewma,109,39.0,
seasonal_null,ewma,110,,
seasonal_null,ewma,111,,
seasonal_null,ewma,112,,
seasonal_null,ewma,113,,
seasonal_null,ewma,114,35.0,
seasonal_null,ewma,115,,
seasonal_null,ewma,116,,
seasonal_null,ewma,117,,
seasonal_null,ewma,118,46.0,
seasonal_null,ewma,119,,
seasonal_null,ewma,120,24.0,
seasonal_null,ewma,121,,
seasonal_null,ewma,122,18.0,
seasonal_null,ewma,123,29.0,
seasonal_null,ewma,124,,
seasonal_null,ewma,125,,
seasonal_null,ewma,126,,
seasonal_null,ewma,127,,
seasonal_null,ewma,128,17.0,
seasonal_null,ewma,129,,
seasonal_null,ewma,130,,
seasonal_null,ewma,131,,
seasonal_null,ewma,132,22.0,
seasonal_null,ewma,133,,
seasonal_null,ewma,134,,
seasonal_null,ewma,135,,
seasonal_null,ewma,136,,
seasonal_null,ewma,137,,
seasonal_null,ewma,138,,
seasonal_null,ewma,139,,
seasonal_null,ewma,140,,
seasonal_null,ewma,141,,
seasonal_null,ewma,142,,
seasonal_null,ewma,143,,
seasonal_null,ewma,144,47.0,
seasonal_null,ewma,145,,
seasonal_null,ewma,146,,
seasonal_null,ewma,147,55.0,
seasonal_null,ewma,148,,
seasonal_null,ewma,149,,
seasonal_null,shewhart,0,,
seasonal_null,shewhart,1,34.0,
seasonal_null,shewhart,2,20.0,
seasonal_null,shewhart,3,,
seasonal_null,shewhart,4,,
seasonal_null,shewhart,5,,
seasonal_null,shewhart,6,,
seasonal_null,shewhart,7,,
seasonal_null,shewhart,8,,
seasonal_null,shewhart,9,,
seasonal_null,shewhart,10,34.0,
seasonal_null,shewhart,11,,
seasonal_null,shewhart,12,,
seasonal_null,shewhart,13,,
seasonal_null,shewhart,14,,
seasonal_null,shewhart,15,,
seasonal_null,shewhart,16,,
seasonal_null,shewhart,17,,
seasonal_null,shewhart,18,,
seasonal_null,shewhart,19,44.0,
seasonal_null,shewhart,20,,
seasonal_null,shewhart,21,,
seasonal_null,shewhart,22,,
seasonal_null,shewhart,23,,
seasonal_null,shewhart,24,,
seasonal_null,shewhart,25,,
seasonal_null,shewhart,26,,
seasonal_null,shewhart,27,,
seasonal_null,shewhart,28,,
seasonal_null,shewhart,29,,
seasonal_null,shewhart,30,,
seasonal_null,shewhart,31,,
seasonal_null,shewhart,32,,
seasonal_null,shewhart,33,,
seasonal_null,shewhart,34,,
seasonal_null,shewhart,35,,
seasonal_null,shewhart,36,,
seasonal_null,shewhart,37,,
seasonal_null,shewhart,38,,
seasonal_null,shewhart,39,,
seasonal_null,shewhart,40,22.0,
seasonal_null,shewhart,41,33.0,
seasonal_null,shewhart,42,,
seasonal_null,shewhart,43,,
seasonal_null,shewhart,44,,
seasonal_null,shewhart,45,,
seasonal_null,shewhart,46,40.0,
seasonal_null,shewhart,47,,
seasonal_null,shewhart,48,,
seasonal_null,shewhart,49,,
seasonal_null,shewhart,50,,
seasonal_null,shewhart,51,21.0,
seasonal_null,shewhart,52,,
seasonal_null,shewhart,53,,
seasonal_null,shewhart,54,,
seasonal_null,shewhart,55,,
seasonal_null,shewhart,56,,
seasonal_null,shewhart,57,,
seasonal_null,shewhart,58,,
seasonal_null,shewhart,59,26.0,
seasonal_null,shewhart,60,,
seasonal_null,shewhart,61,31.0,
seasonal_null,shewhart,62,,
seasonal_null,shewhart,63,,
seasonal_null,shewhart,64,,
seasonal_null,shewhart,65,,
seasonal_null,shewhart,66,,
seasonal_null,shewhart,67,,
seasonal_null,shewhart,68,,
seasonal_null,shewhart,69,,
seasonal_null,shewhart,70,,
seasonal_null,shewhart,71,,
seasonal_null,shewhart,72,,
seasonal_null,shewhart,73,45.0,
seasonal_null,shewhart,74,,
seasonal_null,shewhart,75,,
seasonal_null,shewhart,76,,
seasonal_null,shewhart,77,,
seasonal_null,shewhart,78,,
seasonal_null,shewhart,79,,
seasonal_null,shewhart,80,,
seasonal_null,shewhart,81,,
seasonal_null,shewhart,82,,
seasonal_null,shewhart,83,,
seasonal_null,shewhart,84,,
seasonal_null,shewhart,85,,
seasonal_null,shewhart,86,,
seasonal_null,shewhart,87,,
seasonal_null,shewhart,88,,
seasonal_null,shewhart,89,38.0,
seasonal_null,shewhart,90,,
seasonal_null,shewhart,91,,
seasonal_null,shewhart,92,,
seasonal_null,shewhart,93,,
seasonal_null,shewhart,94,,
seasonal_null,shewhart,95,,
seasonal_null,shewhart,96,,
seasonal_null,shewhart,97,,
seasonal_null,shewhart,98,,
seasonal_null,shewhart,99,,
seasonal_null,shewhart,100,57.0,
seasonal_null,shewhart,101,,
seasonal_null,shewhart,102,,
seasonal_null,shewhart,103,21.0,
seasonal_null,shewhart,104,,
seasonal_null,shewhart,105,,
seasonal_null,shewhart,106,,
seasonal_null,shewhart,107,,
seasonal_null,shewhart,108,,
seasonal_null,shewhart,109,39.0,
seasonal_null,shewhart,110,,
seasonal_null,shewhart,111,,
seasonal_null,shewhart,112,,
seasonal_null,shewhart,113,,
seasonal_null,shewhart,114,,
seasonal_null,shewhart,115,,
seasonal_null,shewhart,116,,
seasonal_null,shewhart,117,56.0,
seasonal_null,shewhart,118,45.0,
seasonal_null,shewhart,119,,
seasonal_null,shewhart,120,,
seasonal_null,shewhart,121,,
seasonal_null,shewhart,122,,
seasonal_null,shewhart,123,,
seasonal_null,shewhart,124,44.0,
seasonal_null,shewhart,125,,
seasonal_null,shewhart,126,,
seasonal_null,shewhart,127,,
seasonal_null,shewhart,128,,
seasonal_null,shewhart,129,,
seasonal_null,shewhart,130,,
seasonal_null,shewhart,131,,
seasonal_null,shewhart,132,21.0,
seasonal_null,shewhart,133,,
seasonal_null,shewhart,134,,
seasonal_null,shewhart,135,,
seasonal_null,shewhart,136,,
seasonal_null,shewhart,137,,
seasonal_null,shewhart,138,,
seasonal_null,shewhart,139,,
seasonal_null,shewhart,140,,
seasonal_null,shewhart,141,,
seasonal_null,shewhart,142,,
seasonal_null,shewhart,143,,
seasonal_null,shewhart,144,,
seasonal_null,shewhart,145,,
seasonal_null,shewhart,146,,
seasonal_null,shewhart,147,,
seasonal_null,shewhart,148,,
seasonal_null,shewhart,149,,
outlier_null,cusum,0,,
outlier_null,cusum,1,,
outlier_null,cusum,2,,
outlier_null,cusum,3,,
outlier_null,cusum,4,,
outlier_null,cusum,5,,
outlier_null,cusum,6,,
outlier_null,cusum,7,,
outlier_null,cusum,8,26.0,
outlier_null,cusum,9,,
outlier_null,cusum,10,,
outlier_null,cusum,11,27.0,
outlier_null,cusum,12,,
outlier_null,cusum,13,21.0,
outlier_null,cusum,14,,
outlier_null,cusum,15,,
outlier_null,cusum,16,,
outlier_null,cusum,17,37.0,
outlier_null,cusum,18,,
outlier_null,cusum,19,,
outlier_null,cusum,20,,
outlier_null,cusum,21,,
outlier_null,cusum,22,,
outlier_null,cusum,23,,
outlier_null,cusum,24,,
outlier_null,cusum,25,,
outlier_null,cusum,26,,
outlier_null,cusum,27,,
outlier_null,cusum,28,,
outlier_null,cusum,29,,
outlier_null,cusum,30,,
outlier_null,cusum,31,51.0,
outlier_null,cusum,32,,
outlier_null,cusum,33,,
outlier_null,cusum,34,,
outlier_null,cusum,35,,
outlier_null,cusum,36,,
outlier_null,cusum,37,,
outlier_null,cusum,38,,
outlier_null,cusum,39,31.0,
outlier_null,cusum,40,,
outlier_null,cusum,41,,
outlier_null,cusum,42,,
outlier_null,cusum,43,,
outlier_null,cusum,44,,
outlier_null,cusum,45,,
outlier_null,cusum,46,,
outlier_null,cusum,47,,
outlier_null,cusum,48,,
outlier_null,cusum,49,,
outlier_null,cusum,50,,
outlier_null,cusum,51,,
outlier_null,cusum,52,,
outlier_null,cusum,53,,
outlier_null,cusum,54,,
outlier_null,cusum,55,,
outlier_null,cusum,56,,
outlier_null,cusum,57,,
outlier_null,cusum,58,19.0,
outlier_null,cusum,59,,
outlier_null,cusum,60,,
outlier_null,cusum,61,,
outlier_null,cusum,62,,
outlier_null,cusum,63,,
outlier_null,cusum,64,,
outlier_null,cusum,65,,
outlier_null,cusum,66,,
outlier_null,cusum,67,,
outlier_null,cusum,68,,
outlier_null,cusum,69,,
outlier_null,cusum,70,,
outlier_null,cusum,71,31.0,
outlier_null,cusum,72,,
outlier_null,cusum,73,,
outlier_null,cusum,74,,
outlier_null,cusum,75,,
outlier_null,cusum,76,,
outlier_null,cusum,77,,
outlier_null,cusum,78,,
outlier_null,cusum,79,,
outlier_null,cusum,80,,
outlier_null,cusum,81,,
outlier_null,cusum,82,,
outlier_null,cusum,83,,
outlier_null,cusum,84,,
outlier_null,cusum,85,,
outlier_null,cusum,86,,
outlier_null,cusum,87,,
outlier_null,cusum,88,,
outlier_null,cusum,89,,
outlier_null,cusum,90,,
outlier_null,cusum,91,,
outlier_null,cusum,92,,
outlier_null,cusum,93,,
outlier_null,cusum,94,,
outlier_null,cusum,95,,
outlier_null,cusum,96,,
outlier_null,cusum,97,,
outlier_null,cusum,98,,
outlier_null,cusum,99,45.0,
outlier_null,cusum,100,,
outlier_null,cusum,101,,
outlier_null,cusum,102,,
outlier_null,cusum,103,,
outlier_null,cusum,104,,
outlier_null,cusum,105,,
outlier_null,cusum,106,,
outlier_null,cusum,107,,
outlier_null,cusum,108,,
outlier_null,cusum,109,,
outlier_null,cusum,110,,
outlier_null,cusum,111,,
outlier_null,cusum,112,,
outlier_null,cusum,113,36.0,
outlier_null,cusum,114,,
outlier_null,cusum,115,,
outlier_null,cusum,116,,
outlier_null,cusum,117,,
outlier_null,cusum,118,,
outlier_null,cusum,119,,
outlier_null,cusum,120,,
outlier_null,cusum,121,,
outlier_null,cusum,122,57.0,
outlier_null,cusum,123,57.0,
outlier_null,cusum,124,,
outlier_null,cusum,125,,
outlier_null,cusum,126,,
outlier_null,cusum,127,,
outlier_null,cusum,128,,
outlier_null,cusum,129,,
outlier_null,cusum,130,,
outlier_null,cusum,131,,
outlier_null,cusum,132,,
outlier_null,cusum,133,,
outlier_null,cusum,134,,
outlier_null,cusum,135,,
outlier_null,cusum,136,,
outlier_null,cusum,137,,
outlier_null,cusum,138,,
outlier_null,cusum,139,,
outlier_null,cusum,140,,
outlier_null,cusum,141,41.0,
outlier_null,cusum,142,,
outlier_null,cusum,143,,
outlier_null,cusum,144,,
outlier_null,cusum,145,,
outlier_null,cusum,146,,
outlier_null,cusum,147,,
outlier_null,cusum,148,58.0,
outlier_null,cusum,149,,
outlier_null,page_hinkley,0,,
outlier_null,page_hinkley,1,,
outlier_null,page_hinkley,2,,
outlier_null,page_hinkley,3,,
outlier_null,page_hinkley,4,,
outlier_null,page_hinkley,5,,
outlier_null,page_hinkley,6,,
outlier_null,page_hinkley,7,,
outlier_null,page_hinkley,8,57.0,
outlier_null,page_hinkley,9,,
outlier_null,page_hinkley,10,,
outlier_null,page_hinkley,11,,
outlier_null,page_hinkley,12,,
outlier_null,page_hinkley,13,44.0,
outlier_null,page_hinkley,14,,
outlier_null,page_hinkley,15,35.0,
outlier_null,page_hinkley,16,,
outlier_null,page_hinkley,17,36.0,
outlier_null,page_hinkley,18,,
outlier_null,page_hinkley,19,,
outlier_null,page_hinkley,20,,
outlier_null,page_hinkley,21,,
outlier_null,page_hinkley,22,59.0,
outlier_null,page_hinkley,23,57.0,
outlier_null,page_hinkley,24,59.0,
outlier_null,page_hinkley,25,,
outlier_null,page_hinkley,26,,
outlier_null,page_hinkley,27,37.0,
outlier_null,page_hinkley,28,48.0,
outlier_null,page_hinkley,29,,
outlier_null,page_hinkley,30,,
outlier_null,page_hinkley,31,49.0,
outlier_null,page_hinkley,32,,
outlier_null,page_hinkley,33,,
outlier_null,page_hinkley,34,,
outlier_null,page_hinkley,35,,
outlier_null,page_hinkley,36,,
outlier_null,page_hinkley,37,,
outlier_null,page_hinkley,38,,
outlier_null,page_hinkley,39,32.0,
outlier_null,page_hinkley,40,,
outlier_null,page_hinkley,41,,
outlier_null,page_hinkley,42,,
outlier_null,page_hinkley,43,,
outlier_null,page_hinkley,44,,
outlier_null,page_hinkley,45,,
outlier_null,page_hinkley,46,,
outlier_null,page_hinkley,47,,
outlier_null,page_hinkley,48,,
outlier_null,page_hinkley,49,54.0,
outlier_null,page_hinkley,50,,
outlier_null,page_hinkley,51,,
outlier_null,page_hinkley,52,,
outlier_null,page_hinkley,53,,
outlier_null,page_hinkley,54,,
outlier_null,page_hinkley,55,56.0,
outlier_null,page_hinkley,56,,
outlier_null,page_hinkley,57,,
outlier_null,page_hinkley,58,,
outlier_null,page_hinkley,59,52.0,
outlier_null,page_hinkley,60,,
outlier_null,page_hinkley,61,,
outlier_null,page_hinkley,62,,
outlier_null,page_hinkley,63,,
outlier_null,page_hinkley,64,,
outlier_null,page_hinkley,65,,
outlier_null,page_hinkley,66,,
outlier_null,page_hinkley,67,54.0,
outlier_null,page_hinkley,68,,
outlier_null,page_hinkley,69,,
outlier_null,page_hinkley,70,,
outlier_null,page_hinkley,71,31.0,
outlier_null,page_hinkley,72,,
outlier_null,page_hinkley,73,,
outlier_null,page_hinkley,74,,
outlier_null,page_hinkley,75,,
outlier_null,page_hinkley,76,,
outlier_null,page_hinkley,77,,
outlier_null,page_hinkley,78,,
outlier_null,page_hinkley,79,,
outlier_null,page_hinkley,80,,
outlier_null,page_hinkley,81,,
outlier_null,page_hinkley,82,,
outlier_null,page_hinkley,83,,
outlier_null,page_hinkley,84,,
outlier_null,page_hinkley,85,,
outlier_null,page_hinkley,86,,
outlier_null,page_hinkley,87,,
outlier_null,page_hinkley,88,,
outlier_null,page_hinkley,89,,
outlier_null,page_hinkley,90,,
outlier_null,page_hinkley,91,49.0,
outlier_null,page_hinkley,92,,
outlier_null,page_hinkley,93,,
outlier_null,page_hinkley,94,,
outlier_null,page_hinkley,95,,
outlier_null,page_hinkley,96,,
outlier_null,page_hinkley,97,,
outlier_null,page_hinkley,98,43.0,
outlier_null,page_hinkley,99,45.0,
outlier_null,page_hinkley,100,,
outlier_null,page_hinkley,101,,
outlier_null,page_hinkley,102,,
outlier_null,page_hinkley,103,57.0,
outlier_null,page_hinkley,104,,
outlier_null,page_hinkley,105,,
outlier_null,page_hinkley,106,,
outlier_null,page_hinkley,107,,
outlier_null,page_hinkley,108,53.0,
outlier_null,page_hinkley,109,41.0,
outlier_null,page_hinkley,110,,
outlier_null,page_hinkley,111,,
outlier_null,page_hinkley,112,,
outlier_null,page_hinkley,113,,
outlier_null,page_hinkley,114,,
outlier_null,page_hinkley,115,,
outlier_null,page_hinkley,116,,
outlier_null,page_hinkley,117,,
outlier_null,page_hinkley,118,,
outlier_null,page_hinkley,119,,
outlier_null,page_hinkley,120,,
outlier_null,page_hinkley,121,,
outlier_null,page_hinkley,122,49.0,
outlier_null,page_hinkley,123,52.0,
outlier_null,page_hinkley,124,,
outlier_null,page_hinkley,125,,
outlier_null,page_hinkley,126,,
outlier_null,page_hinkley,127,,
outlier_null,page_hinkley,128,,
outlier_null,page_hinkley,129,,
outlier_null,page_hinkley,130,39.0,
outlier_null,page_hinkley,131,,
outlier_null,page_hinkley,132,,
outlier_null,page_hinkley,133,,
outlier_null,page_hinkley,134,,
outlier_null,page_hinkley,135,,
outlier_null,page_hinkley,136,,
outlier_null,page_hinkley,137,,
outlier_null,page_hinkley,138,49.0,
outlier_null,page_hinkley,139,,
outlier_null,page_hinkley,140,,
outlier_null,page_hinkley,141,37.0,
outlier_null,page_hinkley,142,,
outlier_null,page_hinkley,143,,
outlier_null,page_hinkley,144,59.0,
outlier_null,page_hinkley,145,,
outlier_null,page_hinkley,146,,
outlier_null,page_hinkley,147,,
outlier_null,page_hinkley,148,50.0,
outlier_null,page_hinkley,149,,
outlier_null,ewma,0,46.0,
outlier_null,ewma,1,,
outlier_null,ewma,2,,
outlier_null,ewma,3,57.0,
outlier_null,ewma,4,,
outlier_null,ewma,5,,
outlier_null,ewma,6,,
outlier_null,ewma,7,40.0,
outlier_null,ewma,8,17.0,
outlier_null,ewma,9,,
outlier_null,ewma,10,59.0,
outlier_null,ewma,11,,
outlier_null,ewma,12,,
outlier_null,ewma,13,21.0,
outlier_null,ewma,14,,
outlier_null,ewma,15,26.0,
outlier_null,ewma,16,16.0,
outlier_null,ewma,17,21.0,
outlier_null,ewma,18,,
outlier_null,ewma,19,51.0,
outlier_null,ewma,20,,
outlier_null,ewma,21,54.0,
outlier_null,ewma,22,26.0,
outlier_null,ewma,23,,
outlier_null,ewma,24,59.0,
outlier_null,ewma,25,,
outlier_null,ewma,26,30.0,
outlier_null,ewma,27,13.0,
outlier_null,ewma,28,48.0,
outlier_null,ewma,29,,
outlier_null,ewma,30,,
outlier_null,ewma,31,49.0,
outlier_null,ewma,32,,
outlier_null,ewma,33,36.0,
outlier_null,ewma,34,58.0,
outlier_null,ewma,35,,
outlier_null,ewma,36,,
outlier_null,ewma,37,,
outlier_null,ewma,38,,
outlier_null,ewma,39,29.0,
outlier_null,ewma,40,37.0,
outlier_null,ewma,41,,
outlier_null,ewma,42,,
outlier_null,ewma,43,,
outlier_null,ewma,44,53.0,
outlier_null,ewma,45,28.0,
outlier_null,ewma,46,,
outlier_null,ewma,47,,
outlier_null,ewma,48,,
outlier_null,ewma,49,,
outlier_null,ewma,50,,
outlier_null,ewma,51,,
outlier_null,ewma,52,,
outlier_null,ewma,53,,
outlier_null,ewma,54,41.0,
outlier_null,ewma,55,,
outlier_null,ewma,56,,
outlier_null,ewma,57,,
outlier_null,ewma,58,19.0,
outlier_null,ewma,59,43.0,
outlier_null,ewma,60,,
outlier_null,ewma,61,42.0,
outlier_null,ewma,62,,
outlier_null,ewma,63,21.0,
outlier_null,ewma,64,,
outlier_null,ewma,65,15.0,
outlier_null,ewma,66,,
outlier_null,ewma,67,46.0,
outlier_null,ewma,68,,
outlier_null,ewma,69,,
outlier_null,ewma,70,,
outlier_null,ewma,71,31.0,
outlier_null,ewma,72,,
outlier_null,ewma,73,,
outlier_null,ewma,74,,
outlier_null,ewma,75,43.0,
outlier_null,ewma,76,16.0,
outlier_null,ewma,77,,
outlier_null,ewma,78,37.0,
outlier_null,ewma,79,,
outlier_null,ewma,80,45.0,
outlier_null,ewma,81,,
outlier_null,ewma,82,32.0,
outlier_null,ewma,83,30.0,
outlier_null,ewma,84,,
outlier_null,ewma,85,,
outlier_null,ewma,86,,
outlier_null,ewma,87,,
outlier_null,ewma,88,,
outlier_null,ewma,89,,
outlier_null,ewma,90,,
outlier_null,ewma,91,49.0,
outlier_null,ewma,92,,
outlier_null,ewma,93,,
outlier_null,ewma,94,,
outlier_null,ewma,95,,
outlier_null,ewma,96,29.0,
outlier_null,ewma,97,,
outlier_null,ewma,98,43.0,
outlier_null,ewma,99,38.0,
outlier_null,ewma,100,,
outlier_null,ewma,101,56.0,
outlier_null,ewma,102,,
outlier_null,ewma,103,,
outlier_null,ewma,104,,
outlier_null,ewma,105,,
outlier_null,ewma,106,,
outlier_null,ewma,107,16.0,
outlier_null,ewma,108,54.0,
outlier_null,ewma,109,14.0,
outlier_null,ewma,110,,
outlier_null,ewma,111,,
outlier_null,ewma,112,40.0,
outlier_null,ewma,113,,
outlier_null,ewma,114,17.0,
outlier_null,ewma,115,29.0,
outlier_null,ewma,116,,
outlier_null,ewma,117,,
outlier_null,ewma,118,53.0,
outlier_null,ewma,119,,
outlier_null,ewma,120,,
outlier_null,ewma,121,21.0,
outlier_null,ewma,122,56.0,
outlier_null,ewma,123,52.0,
outlier_null,ewma,124,59.0,
outlier_null,ewma,125,12.0,
outlier_null,ewma,126,,
outlier_null,ewma,127,,
outlier_null,ewma,128,,
outlier_null,ewma,129,,
outlier_null,ewma,130,27.0,
outlier_null,ewma,131,,
outlier_null,ewma,132,,
outlier_null,ewma,133,,
outlier_null,ewma,134,,
outlier_null,ewma,135,,
outlier_null,ewma,136,22.0,
outlier_null,ewma,137,,
outlier_null,ewma,138,49.0,
outlier_null,ewma,139,31.0,
outlier_null,ewma,140,,
outlier_null,ewma,141,,
outlier_null,ewma,142,,
outlier_null,ewma,143,,
outlier_null,ewma,144,59.0,
outlier_null,ewma,145,57.0,
outlier_null,ewma,146,17.0,
outlier_null,ewma,147,,
outlier_null,ewma,148,50.0,
outlier_null,ewma,149,21.0,
outlier_null,shewhart,0,46.0,
outlier_null,shewhart,1,47.0,
outlier_null,shewhart,2,51.0,
outlier_null,shewhart,3,57.0,
outlier_null,shewhart,4,55.0,
outlier_null,shewhart,5,14.0,
outlier_null,shewhart,6,12.0,
outlier_null,shewhart,7,40.0,
outlier_null,shewhart,8,17.0,
outlier_null,shewhart,9,48.0,
outlier_null,shewhart,10,59.0,
outlier_null,shewhart,11,20.0,
outlier_null,shewhart,12,55.0,
outlier_null,shewhart,13,21.0,
outlier_null,shewhart,14,42.0,
outlier_null,shewhart,15,26.0,
outlier_null,shewhart,16,16.0,
outlier_null,shewhart,17,20.0,
outlier_null,shewhart,18,22.0,
outlier_null,shewhart,19,51.0,
outlier_null,shewhart,20,27.0,
outlier_null,shewhart,21,54.0,
outlier_null,shewhart,22,48.0,
outlier_null,shewhart,23,18.0,
outlier_null,shewhart,24,59.0,
outlier_null,shewhart,25,59.0,
outlier_null,shewhart,26,30.0,
outlier_null,shewhart,27,13.0,
outlier_null,shewhart,28,48.0,
outlier_null,shewhart,29,13.0,
outlier_null,shewhart,30,55.0,
outlier_null,shewhart,31,49.0,
outlier_null,shewhart,32,37.0,
outlier_null,shewhart,33,36.0,
outlier_null,shewhart,34,58.0,
outlier_null,shewhart,35,22.0,
outlier_null,shewhart,36,33.0,
outlier_null,shewhart,37,17.0,
outlier_null,shewhart,38,44.0,
outlier_null,shewhart,39,29.0,
outlier_null,shewhart,40,37.0,
outlier_null,shewhart,41,52.0,
outlier_null,shewhart,42,56.0,
outlier_null,shewhart,43,22.0,
outlier_null,shewhart,44,53.0,
outlier_null,shewhart,45,28.0,
outlier_null,shewhart,46,25.0,
outlier_null,shewhart,47,48.0,
outlier_null,shewhart,48,27.0,
outlier_null,shewhart,49,40.0,
outlier_null,shewhart,50,,
outlier_null,shewhart,51,30.0,
outlier_null,shewhart,52,59.0,
outlier_null,shewhart,53,,
outlier_null,shewhart,54,41.0,
outlier_null,shewhart,55,21.0,
outlier_null,shewhart,56,25.0,
outlier_null,shewhart,57,22.0,
outlier_null,shewhart,58,19.0,
outlier_null,shewhart,59,52.0,
outlier_null,shewhart,60,56.0,
outlier_null,shewhart,61,42.0,
outlier_null,shewhart,62,46.0,
outlier_null,shewhart,63,21.0,
outlier_null,shewhart,64,54.0,
outlier_null,shewhart,65,15.0,
outlier_null,shewhart,66,39.0,
outlier_null,shewhart,67,46.0,
outlier_null,shewhart,68,56.0,
outlier_null,shewhart,69,29.0,
outlier_null,shewhart,70,38.0,
outlier_null,shewhart,71,19.0,
outlier_null,shewhart,72,33.0,
outlier_null,shewhart,73,,
outlier_null,shewhart,74,57.0,
outlier_null,shewhart,75,43.0,
outlier_null,shewhart,76,16.0,
outlier_null,shewhart,77,39.0,
outlier_null,shewhart,78,37.0,
outlier_null,shewhart,79,,
outlier_null,shewhart,80,45.0,
outlier_null,shewhart,81,59.0,
outlier_null,shewhart,82,32.0,
outlier_null,shewhart,83,30.0,
outlier_null,shewhart,84,15.0,
outlier_null,shewhart,85,41.0,
outlier_null,shewhart,86,16.0,
outlier_null,shewhart,87,49.0,
outlier_null,shewhart,88,45.0,
outlier_null,shewhart,89,13.0,
outlier_null,shewhart,90,39.0,
outlier_null,shewhart,91,49.0,
outlier_null,shewhart,92,17.0,
outlier_null,shewhart,93,16.0,
outlier_null,shewhart,94,32.0,
outlier_null,shewhart,95,24.0,
outlier_null,shewhart,96,29.0,
outlier_null,shewhart,97,42.0,
outlier_null,shewhart,98,43.0,
outlier_null,shewhart,99,38.0,
outlier_null,shewhart,100,17.0,
outlier_null,shewhart,101,56.0,
outlier_null,shewhart,102,32.0,
outlier_null,shewhart,103,42.0,
outlier_null,shewhart,104,51.0,
outlier_null,shewhart,105,46.0,
outlier_null,shewhart,106,17.0,
outlier_null,shewhart,107,16.0,
outlier_null,shewhart,108,54.0,
outlier_null,shewhart,109,14.0,
outlier_null,shewhart,110,46.0,
outlier_null,shewhart,111,,
outlier_null,shewhart,112,40.0,
outlier_null,shewhart,113,25.0,
outlier_null,shewhart,114,17.0,
outlier_null,shewhart,115,21.0,
outlier_null,shewhart,116,18.0,
outlier_null,shewhart,117,51.0,
outlier_null,shewhart,118,53.0,
outlier_null,shewhart,119,21.0,
outlier_null,shewhart,120,,
outlier_null,shewhart,121,21.0,
outlier_null,shewhart,122,56.0,
outlier_null,shewhart,123,52.0,
outlier_null,shewhart,124,59.0,
outlier_null,shewhart,125,12.0,
outlier_null,shewhart,126,,
outlier_null,shewhart,127,20.0,
outlier_null,shewhart,128,55.0,
outlier_null,shewhart,129,54.0,
outlier_null,shewhart,130,27.0,
outlier_null,shewhart,131,47.0,
outlier_null,shewhart,132,56.0,
outlier_null,shewhart,133,45.0,
outlier_null,shewhart,134,20.0,
outlier_null,shewhart,135,34.0,
outlier_null,shewhart,136,22.0,
outlier_null,shewhart,137,37.0,
outlier_null,shewhart,138,49.0,
outlier_null,shewhart,139,31.0,
outlier_null,shewhart,140,16.0,
outlier_null,shewhart,141,41.0,
outlier_null,shewhart,142,40.0,
outlier_null,shewhart,143,57.0,
outlier_null,shewhart,144,59.0,
outlier_null,shewhart,145,36.0,
outlier_null,shewhart,146,17.0,
outlier_null,shewhart,147,33.0,
outlier_null,shewhart,148,50.0,
outlier_null,shewhart,149,21.0,
