kind,model,n,threshold,any_alarm_pct,pre_change_alarm_pct,recall_12m_pct,median_delay_months
null,cusum,150,9.348726265304265,2.666666666666667,0.0,,
null,page_hinkley,150,10.409523094161317,8.666666666666668,0.0,,
null,ewma,150,1.6179825806290369,4.666666666666667,0.6666666666666667,,
null,shewhart,150,3.3709608613514668,1.3333333333333335,1.3333333333333335,,
step,cusum,150,9.348726265304265,100.0,0.6666666666666667,98.66666666666667,5.0
step,page_hinkley,150,10.409523094161317,100.0,0.0,96.0,5.0
step,ewma,150,1.6179825806290369,100.0,0.6666666666666667,96.0,4.0
step,shewhart,150,3.3709608613514668,94.66666666666667,0.0,58.666666666666664,4.0
ramp,cusum,150,9.348726265304265,100.0,0.0,19.333333333333332,10.0
ramp,page_hinkley,150,10.409523094161317,100.0,0.0,18.666666666666668,10.0
ramp,ewma,150,1.6179825806290369,100.0,0.6666666666666667,32.666666666666664,10.0
ramp,shewhart,150,3.3709608613514668,88.66666666666667,1.3333333333333335,12.0,9.5
seasonal_null,cusum,150,9.348726265304265,9.333333333333334,1.3333333333333335,,
seasonal_null,page_hinkley,150,10.409523094161317,19.333333333333332,0.6666666666666667,,
seasonal_null,ewma,150,1.6179825806290369,22.0,6.0,,
seasonal_null,shewhart,150,3.3709608613514668,12.666666666666668,3.3333333333333335,,
outlier_null,cusum,150,9.348726265304265,9.333333333333334,1.3333333333333335,,
outlier_null,page_hinkley,150,10.409523094161317,19.333333333333332,0.0,,
outlier_null,ewma,150,1.6179825806290369,42.0,11.333333333333332,,
outlier_null,shewhart,150,3.3709608613514668,95.33333333333334,28.000000000000004,,
