model,origin,horizon,n,territories,origins,mae_rub,rmse_rub,r2,within_territory_r2,wape_pct,mean_ape_pct
chronos_bolt_tiny,2023-12,1,2031,2031,1,5607.9490432476305,6140.06908079108,0.5697470083183817,,22.187997385528917,22.306792710737696
chronos_bolt_tiny,2023-12,3,2031,2031,1,1170.7563599173745,1568.0218570083912,0.9792869212025255,,3.8250669525612135,4.147430703629399
chronos_bolt_tiny,2023-12,6,2025,2025,1,2419.414290123457,2913.367438191167,0.9321770910086866,,7.788543199687804,7.845821369660477
chronos_bolt_tiny,2023-12,12,2023,2023,1,10743.060147657408,11656.937722058668,0.23108950598464184,,29.069089235876564,28.601621694705514
chronos_bolt_tiny,2024-03,1,2029,2029,1,1360.475796747936,1534.272337194005,0.9790705462784853,,4.532646669686175,4.954053363983888
chronos_bolt_tiny,2024-03,3,2025,2025,1,3079.187326871142,3467.0192220198314,0.9039497746169652,,9.912474937908769,9.98874925773695
chronos_bolt_tiny,2024-03,6,2027,2027,1,2464.853954524081,2954.3996714315854,0.9278642002442781,,8.280068590780699,7.943609727880718
chronos_bolt_tiny,2024-06,1,2024,2024,1,1771.8209947427742,2410.301269068683,0.9575295814833528,,5.559738730645608,5.4190539485066225
chronos_bolt_tiny,2024-06,3,2027,2027,1,1115.7656091013505,1517.8250814463413,0.9809604881858529,,3.7481392184054156,3.608849237686794
chronos_bolt_tiny,2024-06,6,2023,2023,1,9306.257605408891,10171.221762240844,0.41459950909227017,,25.1813197604293,24.672031355429834
chronos_bolt_tiny,2024-09,1,2027,2027,1,1869.7470640493957,2136.3126186849613,0.9646936709746855,,5.97750457376963,5.922652076543524
chronos_bolt_tiny,2024-09,3,2023,2023,1,8048.074147305982,8614.40830579587,0.5800885268754721,,21.776866400213077,21.719556924246465
damped_trend,2023-12,1,2031,2031,1,7702.304541393429,8192.476766286254,0.23403694801364427,,30.474369811323285,31.263772173239264
damped_trend,2023-12,3,2031,2031,1,3458.869151357178,4017.7580993115494,0.864009677532936,,11.300733899086843,11.436577310574078
damped_trend,2023-12,6,2025,2025,1,4317.8816434292,5021.146254894263,0.7985386998105884,,13.900061617504639,13.977291645657777
damped_trend,2023-12,12,2023,2023,1,1734.0388469299585,2722.0063635434135,0.9580738380056678,,4.692045775325479,4.869237134628366
damped_trend,2024-03,1,2029,2029,1,1049.6318730150613,1271.7281629631887,0.9856205736273108,,3.497019516988622,3.5989393064825874
damped_trend,2024-03,3,2025,2025,1,1167.2342863386668,1665.4010572889433,0.9778372543994853,,3.757543592437646,4.004408031171678
damped_trend,2024-03,6,2027,2027,1,2558.220317530786,3017.501331869973,0.9247498622401134,,8.593709846623993,9.395410884235703
damped_trend,2024-06,1,2024,2024,1,671.8975332741816,1140.289782764359,0.9904945135353216,,2.1083251354700363,2.2248035863713143
damped_trend,2024-06,3,2027,2027,1,3346.9202621667746,3691.898047712809,0.8873550420489859,,11.243152677565206,11.630695575024626
damped_trend,2024-06,6,2023,2023,1,2826.770845710283,3409.647059228514,0.9342151803208237,,7.648812613345046,7.507887993038775
damped_trend,2024-09,1,2027,2027,1,1540.6796057316778,1764.933031955705,0.9759020879375784,,4.925489424237651,5.1260381057316495
damped_trend,2024-09,3,2023,2023,1,6976.007481837696,7452.886050698136,0.6856917372847117,,18.876016815739536,19.149836578382114
last_value,2023-12,1,2031,2031,1,7081.166912850812,7549.154824303172,0.3496097100741994,,28.016822502695103,28.80805805001416
last_value,2023-12,3,2031,2031,1,1845.097981290005,2373.4938148681017,0.9525412121414352,,6.028259639749379,6.225657780753691
last_value,2023-12,6,2025,2025,1,1660.9837037037037,2113.5561756561665,0.9643044991573819,,5.347014516316516,5.535572239948402
last_value,2023-12,12,2023,2023,1,4700.730598121601,5263.932188959638,0.8432067336079946,,12.719463109438957,12.409908901930393
last_value,2024-03,1,2029,2029,1,790.1759487432232,993.5969670706062,0.9912224462479687,,2.632599853006181,2.719917603429314
last_value,2024-03,3,2025,2025,1,927.318024691358,1455.3386591578972,0.9830755711592547,,2.985208661716741,3.072723591290488
last_value,2024-03,6,2027,2027,1,1257.2200296003946,1663.801745446246,0.9771221341251823,,4.223320436364176,4.6145688599805395
last_value,2024-06,1,2024,2024,1,990.0938735177865,1462.472763504365,0.9843642234531115,,3.1067829492396983,3.0536779634309554
last_value,2024-06,3,2027,2027,1,1413.990133201776,1773.0078512660932,0.9740203272685461,,4.7499509121458,5.145477806234214
last_value,2024-06,6,2023,2023,1,5972.939199209095,6581.393540147978,0.7549004257415524,,16.161866376605452,15.995416415174798
last_value,2024-09,1,2027,2027,1,1609.3280710409472,1830.6484906717124,0.9740741576185716,,5.144955748457845,5.283011574469264
last_value,2024-09,3,2023,2023,1,7257.719723183391,7747.065725480741,0.6603893377402752,,19.6382873578348,19.746146175705135
pooled_ridge,2023-12,1,2031,2031,1,13194.04813568513,13905.08649242983,-1.2066058912590942,,52.20259729207339,53.14833742073495
pooled_ridge,2023-12,3,2031,2031,1,18804.13315763108,19853.752459873285,-2.320669387580903,,61.43641049098499,62.05550175252385
pooled_ridge,2023-12,6,2025,2025,1,12431.79200708067,13001.000201767942,-0.3506394149351868,,40.02024353247106,41.39717509183356
pooled_ridge,2023-12,12,2023,2023,1,10923.127808207893,12275.69354192433,0.14729479987802174,,29.556324978867256,28.485871119141947
pooled_ridge,2024-03,1,2029,2029,1,3519.3003843123015,3883.031776155347,0.8659413404942029,,11.725122346688764,11.719728104241133
pooled_ridge,2024-03,3,2025,2025,1,1995.1414575599997,2734.862723844935,0.9402336198347653,,6.422730284403346,6.398324680453474
pooled_ridge,2024-03,6,2027,2027,1,1489.3618818329492,2003.6881020569222,0.966820289141014,,5.0031437016527525,5.525281914235456
pooled_ridge,2024-06,1,2024,2024,1,1209.6275312133637,2262.720872084792,0.9625712048051911,,3.7956503816676506,3.5929709206326534
pooled_ridge,2024-06,3,2027,2027,1,959.2320303750824,1330.1629215081678,0.9853774864089979,,3.2223032895728188,3.4541527264686076
pooled_ridge,2024-06,6,2023,2023,1,5278.851917499278,6052.454354548562,0.7927140428042356,,14.283771601727992,13.721935369196114
pooled_ridge,2024-09,1,2027,2027,1,926.212474497314,1379.6818092746448,0.985274134510957,,2.9610632416770133,2.9298300124083982
pooled_ridge,2024-09,3,2023,2023,1,4673.524639385438,5149.075353172709,0.8499744143990323,,12.645847916804895,12.578442722689577
pooled_ridge_news,2023-12,1,2031,2031,1,14267.792610298671,15062.22209777016,-1.5891396670478226,,56.450895450940834,57.41389310435662
pooled_ridge_news,2023-12,3,2031,2031,1,27450.35318684335,29078.374487388,-6.123290955782318,,89.6851321128319,90.1095490468271
pooled_ridge_news,2023-12,6,2025,2025,1,41493.32805820911,43776.04804438784,-14.312954566214621,,133.57471657476614,134.92927575749812
pooled_ridge_news,2023-12,12,2023,2023,1,20597.245038492016,21641.752251690814,-1.6502795031007178,,55.73301701821896,57.20208131587544
pooled_ridge_news,2024-03,1,2029,2029,1,1509.5496247479941,1709.453231731649,0.9740183079738697,,5.0293104042686005,5.179571799332043
pooled_ridge_news,2024-03,3,2025,2025,1,5968.103431070047,6574.710319417876,0.6545866374239218,,19.212431530576005,18.834892497980128
pooled_ridge_news,2024-03,6,2027,2027,1,12479.149263375662,13105.835682490224,-0.41952091448109985,,41.92062238238846,43.25923303896519
pooled_ridge_news,2024-06,1,2024,2024,1,4171.6335279387695,4493.251618155225,0.8524071358634272,,13.09003142199929,13.469184566398704
pooled_ridge_news,2024-06,3,2027,2027,1,26693.30323918745,28188.46710912081,-5.5668224993721855,,89.66956493682245,90.83108256721178
pooled_ridge_news,2024-06,6,2023,2023,1,64094.58928786961,67840.97361600041,-25.04299813172641,,173.4302247160197,174.86281991434487
pooled_ridge_news,2024-09,1,2027,2027,1,1346.5793544494243,1737.9676650516112,0.9766328182314752,,4.304958892532078,4.079738034943584
pooled_ridge_news,2024-09,3,2023,2023,1,7147.00498126684,7740.724712874324,0.6609450563185427,,19.338710080200265,19.148601463910875
prophet_auto,2023-12,1,2031,2031,1,4490.2572586371725,5112.628521404176,0.7016913401497735,,17.76582054270896,17.590292205547872
prophet_auto,2023-12,3,2031,2031,1,1365.1581710435137,1940.8508624523308,0.9682660039813658,,4.460211862907138,4.6119860095767615
prophet_auto,2023-12,6,2025,2025,1,2098.333828808111,2833.5245879416398,0.9358436186125018,,6.754925661038542,6.36327650054811
prophet_auto,2023-12,12,2023,2023,1,2904.233812471272,3698.8008985895053,0.9225843535577326,,7.8584156372787755,8.97266269326787
prophet_auto,2024-03,1,2029,2029,1,893.7384710897294,1220.8158566787718,0.9867488580466306,,2.977635261309856,3.315430592833777
prophet_auto,2024-03,3,2025,2025,1,1318.8875148667041,1803.0966328422041,0.9740209124199142,,4.245743454108494,4.497533768916902
prophet_auto,2024-03,6,2027,2027,1,1911.5826125070025,2499.1513465097146,0.948382439762354,,6.4214900519563844,6.108407804174613
prophet_auto,2024-06,1,2024,2024,1,1150.5008420844351,1990.2033813518476,0.9710439844377314,,3.610118691649117,3.6090691209559567
prophet_auto,2024-06,3,2027,2027,1,2024.9935463354468,2388.384037003686,0.9528566241693582,,6.8024660969348085,6.792317293437454
prophet_auto,2024-06,6,2023,2023,1,4265.509823975163,4652.686879144631,0.8775060927945225,,11.54182179057053,11.842671251552643
prophet_auto,2024-09,1,2027,2027,1,998.1118051395648,1401.0159202615614,0.9848151993997873,,3.1909224488546077,3.1784737735097814
prophet_auto,2024-09,3,2023,2023,1,4343.528570882038,4715.153719577252,0.8741948130852373,,11.752928671173986,11.976485387795814
prophet_default,2023-12,1,2031,2031,1,4490.582740632431,5113.260328505943,0.7016176069713937,,17.767108320754758,17.59122892666728
prophet_default,2023-12,3,2031,2031,1,1366.2283585264593,1941.7459089957606,0.968236728210332,,4.463708353649539,4.614965576260803
prophet_default,2023-12,6,2025,2025,1,2099.8623049068724,2835.2676800469767,0.9357646604982042,,6.759846109005427,6.367301958712081
prophet_default,2023-12,12,2023,2023,1,2905.7989566193673,3700.1646899174716,0.9225272549172643,,7.862650679648701,8.97646997517249
prophet_default,2024-03,1,2029,2029,1,893.4629010545195,1219.8707508367913,0.9867693670921569,,2.976717154861108,3.31448190230577
prophet_default,2024-03,3,2025,2025,1,1319.1697644559856,1803.803083035961,0.9740005513073217,,4.2466520678701745,4.4982713658748965
prophet_default,2024-03,6,2027,2027,1,1910.780819111496,2497.608246588525,0.9484461625640896,,6.418796624908407,6.106608857255098
prophet_default,2024-06,1,2024,2024,1,1150.51057283325,1989.5439599336994,0.9710631694654992,,3.610149225445265,3.6091682279730786
prophet_default,2024-06,3,2027,2027,1,2024.4164402997765,2387.479667089968,0.9528923194161166,,6.800527451624511,6.791259111877787
prophet_default,2024-06,6,2023,2023,1,4266.142334177439,4652.977798583351,0.8774907739158782,,11.54353326712003,11.843963494688769
prophet_default,2024-09,1,2027,2027,1,997.9137573409254,1400.3981846300571,0.98482858700559,,3.190289298176126,3.178785384564489
prophet_default,2024-09,3,2023,2023,1,4344.009278554778,4715.817303877012,0.8741594003601177,,11.754229393132455,11.976766684228124
prophet_monthly,2023-12,1,2031,2031,1,10896.232204016029,11570.729159889797,-0.5279137533363791,,43.111228327926156,45.07934040853333
prophet_monthly,2023-12,3,2031,2031,1,8658.324636559006,9478.275465160239,0.2431686981022444,,28.288269503131943,29.36834435222835
prophet_monthly,2023-12,6,2025,2025,1,8616.36097799622,9633.754773425619,0.2583874618541734,,27.737663605270114,27.984698520431234
prophet_monthly,2023-12,12,2023,2023,1,8330.268151391023,9409.946419683287,0.49894991884796613,,22.540440519116817,22.92639798736603
prophet_monthly,2024-03,1,2029,2029,1,1043.9602677292992,1366.4714621701103,0.9833982405950782,,3.4781236403609492,3.3435184542271448
prophet_monthly,2024-03,3,2025,2025,1,1572.7388114778125,1944.8138374309779,0.9697766945030362,,5.062937846165876,5.844200197724897
prophet_monthly,2024-03,6,2027,2027,1,1524.904139619775,1972.5117188684496,0.9678447757604169,,5.122539145673269,5.446333241741799
prophet_monthly,2024-06,1,2024,2024,1,914.1825134623115,1257.4338647705536,0.9884411617424661,,2.8685831932549357,2.8993589720620108
prophet_monthly,2024-06,3,2027,2027,1,1087.6984725327982,1456.045104444767,0.9824788738953022,,3.6538545994291587,3.755720536758278
prophet_monthly,2024-06,6,2023,2023,1,3583.5352957771115,4006.411852239893,0.909172362152735,,9.696502287160062,10.048728111937438
prophet_monthly,2024-09,1,2027,2027,1,938.5867012663433,1262.8499290887196,0.9876625205870246,,3.000623136451519,3.3265079035995466
prophet_monthly,2024-09,3,2023,2023,1,3546.697006675495,3938.5544234480026,0.9122230396136284,,9.596823471396805,9.79641126571504
seasonal_naive,2023-12,1,2031,2031,1,2329.9670113244706,3159.4356580723033,0.8860809341917877,,9.218575553549869,8.097700053986513
seasonal_naive,2023-12,3,2031,2031,1,3782.9985228951255,4681.205837869575,0.8153897080855081,,12.3597215671203,11.293165915167888
seasonal_naive,2023-12,6,2025,2025,1,4766.558518518518,5233.160615172969,0.7811663935489273,,15.344435670596543,15.199229149694219
seasonal_naive,2023-12,12,2023,2023,1,4700.730598121601,5263.932188959638,0.8432067336079946,,12.719463109438957,12.409908901930393
seasonal_naive,2024-03,1,2029,2029,1,4801.988664366683,5241.3041268112775,0.7557516131273128,,15.99860723685118,15.895594326089633
seasonal_naive,2024-03,3,2025,2025,1,4766.558518518518,5233.160615172969,0.7811663935489273,,15.344435670596543,15.199229149694219
seasonal_naive,2024-03,6,2027,2027,1,3780.6985693142574,4194.312108221579,0.8546102309308918,,12.700323853886438,12.593083320370358
seasonal_naive,2024-06,1,2024,2024,1,4476.393774703557,4966.4938221918255,0.8196800903869685,,14.046328560664412,13.840503091522663
seasonal_naive,2024-06,3,2027,2027,1,3780.6985693142574,4194.312108221579,0.8546102309308918,,12.700323853886438,12.593083320370358
seasonal_naive,2024-06,6,2023,2023,1,4700.730598121601,5263.932188959638,0.8432067336079946,,12.719463109438957,12.409908901930393
seasonal_naive,2024-09,1,2027,2027,1,4457.439565860878,4804.048177522636,0.8214591242046834,,14.250251226243515,14.417765585607453
seasonal_naive,2024-09,3,2023,2023,1,4700.730598121601,5263.932188959638,0.8432067336079946,,12.719463109438957,12.409908901930393
