scope,model,n,municipalities,origins,mae_rub,median_ape_pct,mean_ape_pct,rmse_rub,r2
all,chronos_bolt_tiny,24315,2032,4,4525.069387466584,11.942268241131057,13.391530539037602,5998.441749767978,0.7523508763568908
all,damped_trend,24315,2032,4,3236.4749404589984,8.094332455029276,9.849534406177897,4493.95659114363,0.8609990879062713
all,last_value,24315,2032,4,3475.139954760436,9.114646798732723,10.428418373489318,4696.350648538103,0.8481967970104016
all,pooled_ridge,24315,2032,4,11114.78090593798,30.31371847222854,34.76187247145915,15026.529452481751,-0.5540939783857639
all,pooled_ridge_news,24315,2032,4,19839.999944479514,33.87646716849611,61.153852311506604,33320.61152550524,-6.641626915595195
all,prophet_auto,24315,2032,4,2546.5872398672864,7.066930916437607,8.193909613045385,3378.21196909674,0.9214522595385142
all,prophet_monthly,24315,2032,4,2623.8920735725246,6.105235463758197,8.741557186421703,3866.4264911684704,0.8971085187827248
all,seasonal_naive,24315,2032,4,4658.390335184043,14.009489311769807,14.1506785196569,5453.724767568179,0.7952865689741095
horizon_1,chronos_bolt_tiny,8111,2032,4,2147.128567565459,7.524098776806366,7.235385062447786,2749.0039864386627,0.9386765403611435
horizon_1,damped_trend,8111,2032,4,1836.300008951716,5.505018260002132,6.300501481327725,2531.428695068033,0.9479995255222264
horizon_1,last_value,8111,2032,4,1801.1484403895943,5.836518670979124,6.232303957139489,2396.577592206829,0.9533921684521242
horizon_1,pooled_ridge,8111,2032,4,4856.055760104385,17.681806178078975,16.86260530049758,6861.642141554053,0.6179395898572413
horizon_1,pooled_ridge_news,8111,2032,4,9587.796748005634,35.601926715136514,31.897863481547827,10972.585687898103,0.023001558404802003
horizon_1,prophet_auto,8111,2032,4,1739.0598174023996,4.69165742848332,6.1575032170032165,2514.357595109147,0.9486985079641341
horizon_1,prophet_monthly,8111,2032,4,1657.021351516711,3.441397169662946,6.7555628410803354,2654.9507408308773,0.9428009462446425
horizon_1,seasonal_naive,8111,2032,4,4015.6391320429047,13.952882988415983,13.060853013999587,4614.569961502564,0.8272021325987889
horizon_3,chronos_bolt_tiny,8106,2032,4,4114.896352455936,12.77239162507176,12.404996569239307,4858.9424636640215,0.8354060356049873
horizon_3,damped_trend,8106,2032,4,2898.829191630261,8.549834838698633,8.971563647359659,3606.0076154578323,0.9093466887623565
horizon_3,last_value,8106,2032,4,3130.477177399457,9.866110230028442,9.543739723277103,3849.1159123154075,0.8967114044828931
horizon_3,pooled_ridge,8106,2032,4,10225.987493195158,37.32080923094094,32.42753560835596,13445.335114296508,-0.2602991840244906
horizon_3,pooled_ridge_news,8106,2032,4,14467.625966479263,18.896554270488615,48.115511751450384,23947.72443613131,-2.998148281928453
horizon_3,prophet_auto,8106,2032,4,2402.620473642168,7.556108382663475,7.7091541975071785,2968.6620691909475,0.9385598991639148
horizon_3,prophet_monthly,8106,2032,4,2434.1336369759542,6.730332688792792,8.02299608928773,3212.190521955147,0.9280662029272996
horizon_3,seasonal_naive,8106,2032,4,4257.168147051567,13.289576781088996,12.872722008491571,4862.760747656259,0.8351472494856326
horizon_6,chronos_bolt_tiny,6075,2030,3,5999.04043917181,15.5954676903858,17.38098782820615,7259.974993755586,0.650299730686255
horizon_6,damped_trend,6075,2030,3,3609.98932024466,9.772703618143542,10.71209283170713,4785.21987177618,0.8480749065032023
horizon_6,last_value,6075,2030,3,4139.801316872428,11.511986707809161,12.061596868675329,5099.272421481065,0.8274789290399545
horizon_6,pooled_ridge,6075,2030,3,16271.787213932252,57.0695010737441,51.62945103072113,19350.123919538095,-1.484238101286064
horizon_6,pooled_ridge_news,6075,2030,3,42821.98641755194,134.74495475559996,126.11636336701002,58700.737770364605,-21.86192714377965
horizon_6,prophet_auto,6075,2030,3,2759.0978125252213,7.879169921522153,8.523723648185719,3475.0966223470195,0.9198765786623659
horizon_6,prophet_monthly,6075,2030,3,2801.299218311895,7.7172678003510224,9.117247646903124,3626.467706320475,0.9127443926151658
horizon_6,seasonal_naive,6075,2030,3,4415.693004115226,13.553969557253836,13.400800761666945,4921.9648632494045,0.8392678569427906
horizon_12,chronos_bolt_tiny,2023,2023,1,11276.412181784479,30.467186802662898,30.046689851003055,12218.49106047016,0.15522318414930902
horizon_12,damped_trend,2023,2023,1,9081.593799709332,24.633119276627273,25.006724020290754,9807.054820506497,0.45576804060559584
horizon_12,last_value,2023,2023,1,9571.90904597133,25.828380530629687,25.89274353976645,10228.1604755592,0.40802699538838694
horizon_12,pooled_ridge,2023,2023,1,24283.47380780867,65.64512230222019,65.22778986565945,26007.493165215157,-2.827399728665612
horizon_12,pooled_ridge_news,2023,2023,1,13457.654797843155,36.37573218011053,35.61596764389815,14708.773304998882,-0.2242207739848716
horizon_12,prophet_auto,2023,2023,1,5722.982594161183,16.796927504010494,17.31061718258232,6343.732098423555,0.7722824493875131
horizon_12,prophet_monthly,2023,2023,1,6728.055152838388,16.00501920422004,18.455218501798466,8401.255806983181,0.600611778415949
horizon_12,seasonal_naive,2023,2023,1,9571.90904597133,25.828380530629687,25.89274353976645,10228.1604755592,0.40802699538838694
origin_2023-12,chronos_bolt_tiny,8110,2032,1,5343.805334728538,13.671819616736919,16.049705201646415,6998.117929996076,0.6601421075172761
origin_2023-12,damped_trend,8110,2032,1,4456.9060351330145,12.082011928285025,13.985377311872346,5823.42370236353,0.7646622343110052
origin_2023-12,last_value,8110,2032,1,4646.96140567201,11.71737684321551,14.291516993719275,5915.213362335142,0.757184908877939
origin_2023-12,pooled_ridge,8110,2032,1,18689.699199312625,63.066493992054596,58.23052336375471,21521.259015672367,-2.2141800057224197
origin_2023-12,pooled_ridge_news,8110,2032,1,4773.446013051875,8.904374877177437,14.121840010442938,7660.376270630373,0.5927744195961564
origin_2023-12,prophet_auto,8110,2032,1,3258.468347027647,9.877377377943088,11.114777430930948,4147.444828843782,0.8806297560340918
origin_2023-12,prophet_monthly,8110,2032,1,4129.369486832986,10.684011985771427,14.313338020291974,5682.16396215111,0.7759410124883465
origin_2023-12,seasonal_naive,8110,2032,1,5108.715906288533,14.936549689405338,15.110025646415648,6396.99263481784,0.7160207893152191
origin_2024-03,chronos_bolt_tiny,6081,2032,1,3556.1741372654064,11.421601308106895,11.433064120841534,4068.338715827357,0.8618997916040556
origin_2024-03,damped_trend,6081,2032,1,2187.750479465577,6.436406524374099,6.9094651036582455,2898.378359454057,0.9299077044506519
origin_2024-03,last_value,6081,2032,1,2598.563229731952,8.051390093774529,8.235151154111866,3146.131463322715,0.9174125876984862
origin_2024-03,pooled_ridge,6081,2032,1,14591.610202585549,50.282362556908,47.67209898431559,15994.496721493802,-1.1345251940292864
origin_2024-03,pooled_ridge_news,6081,2032,1,19313.086916968343,37.16449238009187,65.52309923207113,25478.37415094342,-4.416310443830711
origin_2024-03,prophet_auto,6081,2032,1,1531.5845795897371,4.476394733440431,5.305102491962935,2057.466412113527,0.9646795982343018
origin_2024-03,prophet_monthly,6081,2032,1,1489.151051586718,4.110681414749426,5.432957326701343,1917.213712382294,0.9693308895378693
origin_2024-03,seasonal_naive,6081,2032,1,4449.760236803158,14.834269662921349,14.562864628540925,4914.250610819833,0.7985001499246946
origin_2024-06,chronos_bolt_tiny,6074,2030,1,4947.66147864489,9.869367403424837,13.90284258213628,6696.562434014585,0.708670009107804
origin_2024-06,damped_trend,6074,2030,1,2902.2583025271347,6.362315201710864,8.39588120368991,4190.750851935452,0.8859054145534674
origin_2024-06,last_value,6074,2030,1,3090.6812644056636,5.808135056703764,8.766380761477278,4522.992117878005,0.8670975421823367
origin_2024-06,pooled_ridge,6074,2030,1,3316.983636371438,7.284397779302185,9.18712337589884,4694.804670412439,0.8568087742797869
origin_2024-06,pooled_ridge_news,6074,2030,1,48372.615846314366,149.7973550384428,143.8992776831155,60501.1574063542,-22.779828415509968
origin_2024-06,prophet_auto,6074,2030,1,2572.1059040165273,7.153104007589503,7.673361728931994,3378.09747176275,0.9258645882631542
origin_2024-06,prophet_monthly,6074,2030,1,1950.5750435249954,4.425021882712208,5.8903197060921135,2677.645318845999,0.953421290663443
origin_2024-06,seasonal_naive,6074,2030,1,4318.945505432993,13.246508946536634,12.947745119564994,4828.962619180733,0.8485082306780505
origin_2024-09,chronos_bolt_tiny,4050,2028,1,3706.570405333719,10.327634465183614,10.242377063855255,5083.936704837888,0.8394910133654656
origin_2024-09,damped_trend,4050,2028,1,2868.482132630077,7.625676039645645,8.162217126017913,3793.1278472977965,0.9106501053749867
origin_2024-09,last_value,4050,2028,1,3021.3604938271606,8.041208857650615,8.47847877011412,4099.638715126968,0.8956264982187387
origin_2024-09,pooled_ridge,4050,2028,1,2420.61653634907,6.2216533123944195,6.737966260406384,3312.368023846745,0.931864060284799
origin_2024-09,pooled_ridge_news,4050,2028,1,8009.58056581992,26.120198474857848,24.675954911635223,9155.276265121858,0.47947452305049987
origin_2024-09,prophet_auto,4050,2028,1,2606.80329715982,6.971777092181411,7.4631456496763,3255.8524818684605,0.9341692926271874
origin_2024-09,prophet_monthly,4050,2028,1,2322.821943612537,6.470390103811413,6.828191665383068,2970.7373577981816,0.9451940641244598
origin_2024-09,seasonal_naive,4050,2028,1,4578.964938271605,13.547967430952216,13.414828777933701,5039.012206796776,0.8423151737797653
Q1,chronos_bolt_tiny,6002,501,4,2887.3027633367,11.820943454651257,12.843976893752401,3606.9933293276704,-0.6120237206850827
Q1,damped_trend,6002,501,4,2197.4603724249587,8.321650644684178,9.983718784291701,2879.409774035492,-0.027277317308934457
Q1,last_value,6002,501,4,2282.1839386871043,9.07783793992733,10.262422894901052,2918.8586799184977,-0.05561824298980822
Q1,pooled_ridge,6002,501,4,7178.773264306621,30.013370734858448,33.81976112763439,9233.878968653911,-9.564503843176656
Q1,pooled_ridge_news,6002,501,4,13669.64681175106,33.60369997683571,63.070900772336444,21762.51487614837,-57.68118992442413
Q1,prophet_auto,6002,501,4,2050.9513615971696,8.007228633153156,9.359348677300327,2661.7819971961067,0.12213907841449245
Q1,prophet_monthly,6002,501,4,2348.0896563968795,7.9031374493640785,11.195812867711474,3344.1370194070028,-0.38563510224453923
Q1,seasonal_naive,6002,501,4,2899.949516827724,13.094453532518987,13.269212228370291,3315.5213043090057,-0.36202285613726914
Q2,chronos_bolt_tiny,6011,502,4,3609.7026242903635,12.02978277604892,13.48358742337161,4493.557637757144,-0.8976250039594424
Q2,damped_trend,6011,502,4,2647.4693813819113,8.438118382077672,10.049143230765658,3488.5953314845547,-0.14374959008747124
Q2,last_value,6011,502,4,2810.4132423889537,9.291126955093508,10.581902179744471,3597.386612370442,-0.21619717162197838
Q2,pooled_ridge,6011,502,4,8705.500985150373,29.219401412200362,34.418942990752655,11102.512716628964,-10.584367310656406
Q2,pooled_ridge_news,6011,502,4,15987.926462473111,33.84719374064046,61.576582237345626,25419.80937913914,-59.72595310599803
Q2,prophet_auto,6011,502,4,2346.744492765212,7.572118911784492,8.97302445643024,3060.5642503601557,0.11969582210027652
Q2,prophet_monthly,6011,502,4,2485.1196428998505,7.362829671712584,9.79288673670583,3441.6555558064056,-0.11317788033066156
Q2,seasonal_naive,6011,502,4,3615.621527200133,13.725490196078432,13.877194615731431,4082.1584988192967,-0.5660639310375926
Q3,chronos_bolt_tiny,6123,511,4,4554.717120003471,12.112340823551408,13.63702695759425,5717.2088810279765,-0.5232246330952219
Q3,damped_trend,6123,511,4,3198.802277771346,7.92203619364661,9.73367637708126,4248.355142955858,0.15891969356352276
Q3,last_value,6123,511,4,3493.702596766291,9.238191478958177,10.534534043826238,4496.41534091481,0.0578312903739554
Q3,pooled_ridge,6123,511,4,11084.916369127595,30.87625621652631,35.16484399511437,14064.251007567971,-8.217837601458857
Q3,pooled_ridge_news,6123,511,4,19593.002855012244,34.26024621939995,60.45937813258265,31197.44768543703,-44.355918400280956
Q3,prophet_auto,6123,511,4,2512.8610015992112,6.6873233739031726,7.789204556106709,3307.6176791398893,0.49016875914255253
Q3,prophet_monthly,6123,511,4,2451.3976186481045,5.416558477555522,7.672651624675367,3595.918830352213,0.3974187763805338
Q3,seasonal_naive,6123,511,4,4775.3057324840765,14.538889724687829,14.7538699118746,5292.8451386842735,-0.30549198452193527
Q4,chronos_bolt_tiny,6179,518,4,6977.021454978556,11.860722493678221,13.59057382702073,8770.354140837499,0.21210701726819448
Q4,damped_trend,6179,518,4,4856.048911423424,7.785368248379386,9.639820120714655,6457.096177138409,0.5729217225392249
Q4,last_value,6179,518,4,5262.182391972811,8.956677265500796,10.335194138761059,6774.359453556331,0.5299225199471591
Q4,pooled_ridge,6179,518,4,17311.408196408236,31.51975886931753,35.61128285417837,22131.1067385439,-4.016943817951684
Q4,pooled_ridge_news,6179,518,4,29825.699310361495,33.72183038468632,59.56866230526487,48123.81019451034,-22.722091815144573
Q4,prophet_auto,6179,518,4,3255.85525267247,5.889822052232171,6.704960669266616,4251.229411764585,0.8148762856447156
Q4,prophet_monthly,6179,518,4,3197.7245280415164,4.16988553268048,6.39407769600476,4860.819166930023,0.7579796406766497
Q4,seasonal_naive,6179,518,4,7265.02120084156,14.325095208502637,14.675218337143429,7898.933950557369,0.36089835300744866
